{"A": "{\"position\": {\"left_up\": [175, 485], \"right_down\": [1105, 528]}, \"xpath\": \"/html/body/div[3]/div/div/div/div[1]/div/h2\", \"context\": {\"data\": \"理赔\"}}", "B": "{\"position\": {\"left_up\": [446, 563], \"right_down\": [708, 595]}, \"xpath\": \"/html/body/div[3]/div/div/div/div[1]/div/div/div/div/div[1]/form/div[1]/div/input\", \"context\": {\"data\": \"请输入12位数字运单号或“SF”开头的15位运单号\"}}", "Result": ""}
{"A": "{\"position\": {\"left_up\": [175, 485], \"right_down\": [1105, 528]}, \"xpath\": \"/html/body/div[3]/div/div/div/div[1]/div/h2\", \"context\": {\"data\": \"理赔\"}}", "B": "{\"position\": {\"left_up\": [446, 610], \"right_down\": [708, 642]}, \"xpath\": \"/html/body/div[3]/div/div/div/div[1]/div/div/div/div/div[1]/form/div[1]/div/input\", \"context\": {\"data\": \"请输入赔偿金额\"}}", "Result": ""}
{"A": "{\"position\": {\"left_up\": [175, 485], \"right_down\": [1105, 528]}, \"xpath\": \"/html/body/div[3]/div/div/div/div[1]/div/h2\", \"context\": {\"data\": \"理赔\"}}", "B": "{\"position\": {\"left_up\": [446, 657], \"right_down\": [708, 689]}, \"xpath\": \"/html/body/div[3]/div/div/div/div[1]/div/div/div/div/div[1]/form/div[1]/div/input\", \"context\": {\"data\": \"请输入转账金额\"}}", "Result": ""}
{"A": "{\"position\": {\"left_up\": [175, 485], \"right_down\": [1105, 528]}, \"xpath\": \"/html/body/div[3]/div/div/div/div[1]/div/h2\", \"context\": {\"data\": \"理赔\"}}", "B": "{\"position\": {\"left_up\": [446, 751], \"right_down\": [708, 783]}, \"xpath\": \"/html/body/div[3]/div/div/div/div[1]/div/div/div/div/div[1]/form/div[1]/div/input\", \"context\": {\"data\": \"请输入收款方开户行分/支行\"}}", "Result": ""}
{"A": "{\"position\": {\"left_up\": [175, 485], \"right_down\": [1105, 528]}, \"xpath\": \"/html/body/div[3]/div/div/div/div[1]/div/h2\", \"context\": {\"data\": \"理赔\"}}", "B": "{\"position\": {\"left_up\": [446, 809], \"right_down\": [708, 841]}, \"xpath\": \"/html/body/div[3]/div/div/div/div[1]/div/div/div/div/div[1]/form/div[1]/div/input\", \"context\": {\"data\": \"请输入收款方户名\"}}", "Result": ""}
{"A": "{\"position\": {\"left_up\": [175, 485], \"right_down\": [1105, 528]}, \"xpath\": \"/html/body/div[3]/div/div/div/div[1]/div/h2\", \"context\": {\"data\": \"理赔\"}}", "B": "{\"position\": {\"left_up\": [446, 856], \"right_down\": [708, 888]}, \"xpath\": \"/html/body/div[3]/div/div/div/div[1]/div/div/div/div/div[1]/form/div[1]/div/input\", \"context\": {\"data\": \"请输入收款方账号\"}}", "Result": ""}
{"A": "{\"position\": {\"left_up\": [175, 485], \"right_down\": [1105, 528]}, \"xpath\": \"/html/body/div[3]/div/div/div/div[1]/div/h2\", \"context\": {\"data\": \"理赔\"}}", "B": "{\"position\": {\"left_up\": [447, 904], \"right_down\": [706, 936]}, \"xpath\": \"/html/body/div[3]/div/div/div/div[1]/div/div/div/div/div[1]/form/div[1]/div/input\", \"context\": {\"data\": \"例如：北京市－东城区\"}}", "Result": ""}
{"A": "{\"position\": {\"left_up\": [175, 485], \"right_down\": [1105, 528]}, \"xpath\": \"/html/body/div[3]/div/div/div/div[1]/div/h2\", \"context\": {\"data\": \"理赔\"}}", "B": "{\"position\": {\"left_up\": [446, 992], \"right_down\": [708, 1024]}, \"xpath\": \"/html/body/div[3]/div/div/div/div[1]/div/div/div/div/div[1]/form/div[1]/div/input\", \"context\": {\"data\": \"请输入手机号\"}}", "Result": ""}
{"A": "{\"position\": {\"left_up\": [175, 485], \"right_down\": [1105, 528]}, \"xpath\": \"/html/body/div[3]/div/div/div/div[1]/div/h2\", \"context\": {\"data\": \"理赔\"}}", "B": "{\"position\": {\"left_up\": [446, 1039], \"right_down\": [708, 1071]}, \"xpath\": \"/html/body/div[3]/div/div/div/div[1]/div/div/div/div/div[1]/form/div[1]/div/input\", \"context\": {\"data\": \"请输入验证码\"}}", "Result": ""}
{"A": "{\"position\": {\"left_up\": [212, 563], \"right_down\": [431, 588]}, \"xpath\": \"/html/body/div[3]/div/div/div/div[1]/div/div/div/div/div[1]/form/div[1]/label\", \"context\": {\"data\": \"运单号*\"}}", "B": "{\"position\": {\"left_up\": [446, 563], \"right_down\": [708, 595]}, \"xpath\": \"/html/body/div[3]/div/div/div/div[1]/div/div/div/div/div[1]/form/div[1]/div/input\", \"context\": {\"data\": \"请输入12位数字运单号或“SF”开头的15位运单号\"}}", "Result": ""}
{"A": "{\"position\": {\"left_up\": [212, 563], \"right_down\": [431, 588]}, \"xpath\": \"/html/body/div[3]/div/div/div/div[1]/div/div/div/div/div[1]/form/div[1]/label\", \"context\": {\"data\": \"运单号*\"}}", "B": "{\"position\": {\"left_up\": [446, 610], \"right_down\": [708, 642]}, \"xpath\": \"/html/body/div[3]/div/div/div/div[1]/div/div/div/div/div[1]/form/div[1]/div/input\", \"context\": {\"data\": \"请输入赔偿金额\"}}", "Result": ""}
{"A": "{\"position\": {\"left_up\": [212, 563], \"right_down\": [431, 588]}, \"xpath\": \"/html/body/div[3]/div/div/div/div[1]/div/div/div/div/div[1]/form/div[1]/label\", \"context\": {\"data\": \"运单号*\"}}", "B": "{\"position\": {\"left_up\": [446, 657], \"right_down\": [708, 689]}, \"xpath\": \"/html/body/div[3]/div/div/div/div[1]/div/div/div/div/div[1]/form/div[1]/div/input\", \"context\": {\"data\": \"请输入转账金额\"}}", "Result": ""}
{"A": "{\"position\": {\"left_up\": [212, 563], \"right_down\": [431, 588]}, \"xpath\": \"/html/body/div[3]/div/div/div/div[1]/div/div/div/div/div[1]/form/div[1]/label\", \"context\": {\"data\": \"运单号*\"}}", "B": "{\"position\": {\"left_up\": [446, 751], \"right_down\": [708, 783]}, \"xpath\": \"/html/body/div[3]/div/div/div/div[1]/div/div/div/div/div[1]/form/div[1]/div/input\", \"context\": {\"data\": \"请输入收款方开户行分/支行\"}}", "Result": ""}
{"A": "{\"position\": {\"left_up\": [212, 563], \"right_down\": [431, 588]}, \"xpath\": \"/html/body/div[3]/div/div/div/div[1]/div/div/div/div/div[1]/form/div[1]/label\", \"context\": {\"data\": \"运单号*\"}}", "B": "{\"position\": {\"left_up\": [446, 809], \"right_down\": [708, 841]}, \"xpath\": \"/html/body/div[3]/div/div/div/div[1]/div/div/div/div/div[1]/form/div[1]/div/input\", \"context\": {\"data\": \"请输入收款方户名\"}}", "Result": ""}
{"A": "{\"position\": {\"left_up\": [212, 563], \"right_down\": [431, 588]}, \"xpath\": \"/html/body/div[3]/div/div/div/div[1]/div/div/div/div/div[1]/form/div[1]/label\", \"context\": {\"data\": \"运单号*\"}}", "B": "{\"position\": {\"left_up\": [446, 856], \"right_down\": [708, 888]}, \"xpath\": \"/html/body/div[3]/div/div/div/div[1]/div/div/div/div/div[1]/form/div[1]/div/input\", \"context\": {\"data\": \"请输入收款方账号\"}}", "Result": ""}
{"A": "{\"position\": {\"left_up\": [212, 563], \"right_down\": [431, 588]}, \"xpath\": \"/html/body/div[3]/div/div/div/div[1]/div/div/div/div/div[1]/form/div[1]/label\", \"context\": {\"data\": \"运单号*\"}}", "B": "{\"position\": {\"left_up\": [447, 904], \"right_down\": [706, 936]}, \"xpath\": \"/html/body/div[3]/div/div/div/div[1]/div/div/div/div/div[1]/form/div[1]/div/input\", \"context\": {\"data\": \"例如：北京市－东城区\"}}", "Result": ""}
{"A": "{\"position\": {\"left_up\": [212, 563], \"right_down\": [431, 588]}, \"xpath\": \"/html/body/div[3]/div/div/div/div[1]/div/div/div/div/div[1]/form/div[1]/label\", \"context\": {\"data\": \"运单号*\"}}", "B": "{\"position\": {\"left_up\": [446, 992], \"right_down\": [708, 1024]}, \"xpath\": \"/html/body/div[3]/div/div/div/div[1]/div/div/div/div/div[1]/form/div[1]/div/input\", \"context\": {\"data\": \"请输入手机号\"}}", "Result": ""}
{"A": "{\"position\": {\"left_up\": [212, 563], \"right_down\": [431, 588]}, \"xpath\": \"/html/body/div[3]/div/div/div/div[1]/div/div/div/div/div[1]/form/div[1]/label\", \"context\": {\"data\": \"运单号*\"}}", "B": "{\"position\": {\"left_up\": [446, 1039], \"right_down\": [708, 1071]}, \"xpath\": \"/html/body/div[3]/div/div/div/div[1]/div/div/div/div/div[1]/form/div[1]/div/input\", \"context\": {\"data\": \"请输入验证码\"}}", "Result": ""}
{"A": "{\"position\": {\"left_up\": [212, 610], \"right_down\": [431, 635]}, \"xpath\": \"/html/body/div[3]/div/div/div/div[1]/div/div/div/div/div[1]/form/div[3]/label[1]\", \"context\": {\"data\": \"赔款总金额*\"}}", "B": "{\"position\": {\"left_up\": [446, 563], \"right_down\": [708, 595]}, \"xpath\": \"/html/body/div[3]/div/div/div/div[1]/div/div/div/div/div[1]/form/div[1]/div/input\", \"context\": {\"data\": \"请输入12位数字运单号或“SF”开头的15位运单号\"}}", "Result": ""}
{"A": "{\"position\": {\"left_up\": [212, 610], \"right_down\": [431, 635]}, \"xpath\": \"/html/body/div[3]/div/div/div/div[1]/div/div/div/div/div[1]/form/div[3]/label[1]\", \"context\": {\"data\": \"赔款总金额*\"}}", "B": "{\"position\": {\"left_up\": [446, 610], \"right_down\": [708, 642]}, \"xpath\": \"/html/body/div[3]/div/div/div/div[1]/div/div/div/div/div[1]/form/div[1]/div/input\", \"context\": {\"data\": \"请输入赔偿金额\"}}", "Result": ""}
{"A": "{\"position\": {\"left_up\": [212, 610], \"right_down\": [431, 635]}, \"xpath\": \"/html/body/div[3]/div/div/div/div[1]/div/div/div/div/div[1]/form/div[3]/label[1]\", \"context\": {\"data\": \"赔款总金额*\"}}", "B": "{\"position\": {\"left_up\": [446, 657], \"right_down\": [708, 689]}, \"xpath\": \"/html/body/div[3]/div/div/div/div[1]/div/div/div/div/div[1]/form/div[1]/div/input\", \"context\": {\"data\": \"请输入转账金额\"}}", "Result": ""}
{"A": "{\"position\": {\"left_up\": [212, 610], \"right_down\": [431, 635]}, \"xpath\": \"/html/body/div[3]/div/div/div/div[1]/div/div/div/div/div[1]/form/div[3]/label[1]\", \"context\": {\"data\": \"赔款总金额*\"}}", "B": "{\"position\": {\"left_up\": [446, 751], \"right_down\": [708, 783]}, \"xpath\": \"/html/body/div[3]/div/div/div/div[1]/div/div/div/div/div[1]/form/div[1]/div/input\", \"context\": {\"data\": \"请输入收款方开户行分/支行\"}}", "Result": ""}
{"A": "{\"position\": {\"left_up\": [212, 610], \"right_down\": [431, 635]}, \"xpath\": \"/html/body/div[3]/div/div/div/div[1]/div/div/div/div/div[1]/form/div[3]/label[1]\", \"context\": {\"data\": \"赔款总金额*\"}}", "B": "{\"position\": {\"left_up\": [446, 809], \"right_down\": [708, 841]}, \"xpath\": \"/html/body/div[3]/div/div/div/div[1]/div/div/div/div/div[1]/form/div[1]/div/input\", \"context\": {\"data\": \"请输入收款方户名\"}}", "Result": ""}
{"A": "{\"position\": {\"left_up\": [212, 610], \"right_down\": [431, 635]}, \"xpath\": \"/html/body/div[3]/div/div/div/div[1]/div/div/div/div/div[1]/form/div[3]/label[1]\", \"context\": {\"data\": \"赔款总金额*\"}}", "B": "{\"position\": {\"left_up\": [446, 856], \"right_down\": [708, 888]}, \"xpath\": \"/html/body/div[3]/div/div/div/div[1]/div/div/div/div/div[1]/form/div[1]/div/input\", \"context\": {\"data\": \"请输入收款方账号\"}}", "Result": ""}
{"A": "{\"position\": {\"left_up\": [212, 610], \"right_down\": [431, 635]}, \"xpath\": \"/html/body/div[3]/div/div/div/div[1]/div/div/div/div/div[1]/form/div[3]/label[1]\", \"context\": {\"data\": \"赔款总金额*\"}}", "B": "{\"position\": {\"left_up\": [447, 904], \"right_down\": [706, 936]}, \"xpath\": \"/html/body/div[3]/div/div/div/div[1]/div/div/div/div/div[1]/form/div[1]/div/input\", \"context\": {\"data\": \"例如：北京市－东城区\"}}", "Result": ""}
{"A": "{\"position\": {\"left_up\": [212, 610], \"right_down\": [431, 635]}, \"xpath\": \"/html/body/div[3]/div/div/div/div[1]/div/div/div/div/div[1]/form/div[3]/label[1]\", \"context\": {\"data\": \"赔款总金额*\"}}", "B": "{\"position\": {\"left_up\": [446, 992], \"right_down\": [708, 1024]}, \"xpath\": \"/html/body/div[3]/div/div/div/div[1]/div/div/div/div/div[1]/form/div[1]/div/input\", \"context\": {\"data\": \"请输入手机号\"}}", "Result": ""}
{"A": "{\"position\": {\"left_up\": [212, 610], \"right_down\": [431, 635]}, \"xpath\": \"/html/body/div[3]/div/div/div/div[1]/div/div/div/div/div[1]/form/div[3]/label[1]\", \"context\": {\"data\": \"赔款总金额*\"}}", "B": "{\"position\": {\"left_up\": [446, 1039], \"right_down\": [708, 1071]}, \"xpath\": \"/html/body/div[3]/div/div/div/div[1]/div/div/div/div/div[1]/form/div[1]/div/input\", \"context\": {\"data\": \"请输入验证码\"}}", "Result": ""}
{"A": "{\"position\": {\"left_up\": [723, 610], \"right_down\": [736, 635]}, \"xpath\": \"/html/body/div[3]/div/div/div/div[1]/div/div/div/div/div[1]/form/div[3]/label[2]\", \"context\": {\"data\": \"元\"}}", "B": "{\"position\": {\"left_up\": [446, 563], \"right_down\": [708, 595]}, \"xpath\": \"/html/body/div[3]/div/div/div/div[1]/div/div/div/div/div[1]/form/div[1]/div/input\", \"context\": {\"data\": \"请输入12位数字运单号或“SF”开头的15位运单号\"}}", "Result": ""}
{"A": "{\"position\": {\"left_up\": [723, 610], \"right_down\": [736, 635]}, \"xpath\": \"/html/body/div[3]/div/div/div/div[1]/div/div/div/div/div[1]/form/div[3]/label[2]\", \"context\": {\"data\": \"元\"}}", "B": "{\"position\": {\"left_up\": [446, 610], \"right_down\": [708, 642]}, \"xpath\": \"/html/body/div[3]/div/div/div/div[1]/div/div/div/div/div[1]/form/div[1]/div/input\", \"context\": {\"data\": \"请输入赔偿金额\"}}", "Result": ""}
{"A": "{\"position\": {\"left_up\": [723, 610], \"right_down\": [736, 635]}, \"xpath\": \"/html/body/div[3]/div/div/div/div[1]/div/div/div/div/div[1]/form/div[3]/label[2]\", \"context\": {\"data\": \"元\"}}", "B": "{\"position\": {\"left_up\": [446, 657], \"right_down\": [708, 689]}, \"xpath\": \"/html/body/div[3]/div/div/div/div[1]/div/div/div/div/div[1]/form/div[1]/div/input\", \"context\": {\"data\": \"请输入转账金额\"}}", "Result": ""}
{"A": "{\"position\": {\"left_up\": [723, 610], \"right_down\": [736, 635]}, \"xpath\": \"/html/body/div[3]/div/div/div/div[1]/div/div/div/div/div[1]/form/div[3]/label[2]\", \"context\": {\"data\": \"元\"}}", "B": "{\"position\": {\"left_up\": [446, 751], \"right_down\": [708, 783]}, \"xpath\": \"/html/body/div[3]/div/div/div/div[1]/div/div/div/div/div[1]/form/div[1]/div/input\", \"context\": {\"data\": \"请输入收款方开户行分/支行\"}}", "Result": ""}
{"A": "{\"position\": {\"left_up\": [723, 610], \"right_down\": [736, 635]}, \"xpath\": \"/html/body/div[3]/div/div/div/div[1]/div/div/div/div/div[1]/form/div[3]/label[2]\", \"context\": {\"data\": \"元\"}}", "B": "{\"position\": {\"left_up\": [446, 809], \"right_down\": [708, 841]}, \"xpath\": \"/html/body/div[3]/div/div/div/div[1]/div/div/div/div/div[1]/form/div[1]/div/input\", \"context\": {\"data\": \"请输入收款方户名\"}}", "Result": ""}
{"A": "{\"position\": {\"left_up\": [723, 610], \"right_down\": [736, 635]}, \"xpath\": \"/html/body/div[3]/div/div/div/div[1]/div/div/div/div/div[1]/form/div[3]/label[2]\", \"context\": {\"data\": \"元\"}}", "B": "{\"position\": {\"left_up\": [446, 856], \"right_down\": [708, 888]}, \"xpath\": \"/html/body/div[3]/div/div/div/div[1]/div/div/div/div/div[1]/form/div[1]/div/input\", \"context\": {\"data\": \"请输入收款方账号\"}}", "Result": ""}
{"A": "{\"position\": {\"left_up\": [723, 610], \"right_down\": [736, 635]}, \"xpath\": \"/html/body/div[3]/div/div/div/div[1]/div/div/div/div/div[1]/form/div[3]/label[2]\", \"context\": {\"data\": \"元\"}}", "B": "{\"position\": {\"left_up\": [447, 904], \"right_down\": [706, 936]}, \"xpath\": \"/html/body/div[3]/div/div/div/div[1]/div/div/div/div/div[1]/form/div[1]/div/input\", \"context\": {\"data\": \"例如：北京市－东城区\"}}", "Result": ""}
{"A": "{\"position\": {\"left_up\": [723, 610], \"right_down\": [736, 635]}, \"xpath\": \"/html/body/div[3]/div/div/div/div[1]/div/div/div/div/div[1]/form/div[3]/label[2]\", \"context\": {\"data\": \"元\"}}", "B": "{\"position\": {\"left_up\": [446, 992], \"right_down\": [708, 1024]}, \"xpath\": \"/html/body/div[3]/div/div/div/div[1]/div/div/div/div/div[1]/form/div[1]/div/input\", \"context\": {\"data\": \"请输入手机号\"}}", "Result": ""}
{"A": "{\"position\": {\"left_up\": [723, 610], \"right_down\": [736, 635]}, \"xpath\": \"/html/body/div[3]/div/div/div/div[1]/div/div/div/div/div[1]/form/div[3]/label[2]\", \"context\": {\"data\": \"元\"}}", "B": "{\"position\": {\"left_up\": [446, 1039], \"right_down\": [708, 1071]}, \"xpath\": \"/html/body/div[3]/div/div/div/div[1]/div/div/div/div/div[1]/form/div[1]/div/input\", \"context\": {\"data\": \"请输入验证码\"}}", "Result": ""}
{"A": "{\"position\": {\"left_up\": [212, 657], \"right_down\": [431, 682]}, \"xpath\": \"/html/body/div[3]/div/div/div/div[1]/div/div/div/div/div[1]/form/div[4]/label[1]\", \"context\": {\"data\": \"转账金额*\"}}", "B": "{\"position\": {\"left_up\": [446, 563], \"right_down\": [708, 595]}, \"xpath\": \"/html/body/div[3]/div/div/div/div[1]/div/div/div/div/div[1]/form/div[1]/div/input\", \"context\": {\"data\": \"请输入12位数字运单号或“SF”开头的15位运单号\"}}", "Result": ""}
{"A": "{\"position\": {\"left_up\": [212, 657], \"right_down\": [431, 682]}, \"xpath\": \"/html/body/div[3]/div/div/div/div[1]/div/div/div/div/div[1]/form/div[4]/label[1]\", \"context\": {\"data\": \"转账金额*\"}}", "B": "{\"position\": {\"left_up\": [446, 610], \"right_down\": [708, 642]}, \"xpath\": \"/html/body/div[3]/div/div/div/div[1]/div/div/div/div/div[1]/form/div[1]/div/input\", \"context\": {\"data\": \"请输入赔偿金额\"}}", "Result": ""}
{"A": "{\"position\": {\"left_up\": [212, 657], \"right_down\": [431, 682]}, \"xpath\": \"/html/body/div[3]/div/div/div/div[1]/div/div/div/div/div[1]/form/div[4]/label[1]\", \"context\": {\"data\": \"转账金额*\"}}", "B": "{\"position\": {\"left_up\": [446, 657], \"right_down\": [708, 689]}, \"xpath\": \"/html/body/div[3]/div/div/div/div[1]/div/div/div/div/div[1]/form/div[1]/div/input\", \"context\": {\"data\": \"请输入转账金额\"}}", "Result": ""}
{"A": "{\"position\": {\"left_up\": [212, 657], \"right_down\": [431, 682]}, \"xpath\": \"/html/body/div[3]/div/div/div/div[1]/div/div/div/div/div[1]/form/div[4]/label[1]\", \"context\": {\"data\": \"转账金额*\"}}", "B": "{\"position\": {\"left_up\": [446, 751], \"right_down\": [708, 783]}, \"xpath\": \"/html/body/div[3]/div/div/div/div[1]/div/div/div/div/div[1]/form/div[1]/div/input\", \"context\": {\"data\": \"请输入收款方开户行分/支行\"}}", "Result": ""}
{"A": "{\"position\": {\"left_up\": [212, 657], \"right_down\": [431, 682]}, \"xpath\": \"/html/body/div[3]/div/div/div/div[1]/div/div/div/div/div[1]/form/div[4]/label[1]\", \"context\": {\"data\": \"转账金额*\"}}", "B": "{\"position\": {\"left_up\": [446, 809], \"right_down\": [708, 841]}, \"xpath\": \"/html/body/div[3]/div/div/div/div[1]/div/div/div/div/div[1]/form/div[1]/div/input\", \"context\": {\"data\": \"请输入收款方户名\"}}", "Result": ""}
{"A": "{\"position\": {\"left_up\": [212, 657], \"right_down\": [431, 682]}, \"xpath\": \"/html/body/div[3]/div/div/div/div[1]/div/div/div/div/div[1]/form/div[4]/label[1]\", \"context\": {\"data\": \"转账金额*\"}}", "B": "{\"position\": {\"left_up\": [446, 856], \"right_down\": [708, 888]}, \"xpath\": \"/html/body/div[3]/div/div/div/div[1]/div/div/div/div/div[1]/form/div[1]/div/input\", \"context\": {\"data\": \"请输入收款方账号\"}}", "Result": ""}
{"A": "{\"position\": {\"left_up\": [212, 657], \"right_down\": [431, 682]}, \"xpath\": \"/html/body/div[3]/div/div/div/div[1]/div/div/div/div/div[1]/form/div[4]/label[1]\", \"context\": {\"data\": \"转账金额*\"}}", "B": "{\"position\": {\"left_up\": [447, 904], \"right_down\": [706, 936]}, \"xpath\": \"/html/body/div[3]/div/div/div/div[1]/div/div/div/div/div[1]/form/div[1]/div/input\", \"context\": {\"data\": \"例如：北京市－东城区\"}}", "Result": ""}
{"A": "{\"position\": {\"left_up\": [212, 657], \"right_down\": [431, 682]}, \"xpath\": \"/html/body/div[3]/div/div/div/div[1]/div/div/div/div/div[1]/form/div[4]/label[1]\", \"context\": {\"data\": \"转账金额*\"}}", "B": "{\"position\": {\"left_up\": [446, 992], \"right_down\": [708, 1024]}, \"xpath\": \"/html/body/div[3]/div/div/div/div[1]/div/div/div/div/div[1]/form/div[1]/div/input\", \"context\": {\"data\": \"请输入手机号\"}}", "Result": ""}
{"A": "{\"position\": {\"left_up\": [212, 657], \"right_down\": [431, 682]}, \"xpath\": \"/html/body/div[3]/div/div/div/div[1]/div/div/div/div/div[1]/form/div[4]/label[1]\", \"context\": {\"data\": \"转账金额*\"}}", "B": "{\"position\": {\"left_up\": [446, 1039], \"right_down\": [708, 1071]}, \"xpath\": \"/html/body/div[3]/div/div/div/div[1]/div/div/div/div/div[1]/form/div[1]/div/input\", \"context\": {\"data\": \"请输入验证码\"}}", "Result": ""}
{"A": "{\"position\": {\"left_up\": [723, 657], \"right_down\": [736, 682]}, \"xpath\": \"/html/body/div[3]/div/div/div/div[1]/div/div/div/div/div[1]/form/div[3]/label[2]\", \"context\": {\"data\": \"元\"}}", "B": "{\"position\": {\"left_up\": [446, 563], \"right_down\": [708, 595]}, \"xpath\": \"/html/body/div[3]/div/div/div/div[1]/div/div/div/div/div[1]/form/div[1]/div/input\", \"context\": {\"data\": \"请输入12位数字运单号或“SF”开头的15位运单号\"}}", "Result": ""}
{"A": "{\"position\": {\"left_up\": [723, 657], \"right_down\": [736, 682]}, \"xpath\": \"/html/body/div[3]/div/div/div/div[1]/div/div/div/div/div[1]/form/div[3]/label[2]\", \"context\": {\"data\": \"元\"}}", "B": "{\"position\": {\"left_up\": [446, 610], \"right_down\": [708, 642]}, \"xpath\": \"/html/body/div[3]/div/div/div/div[1]/div/div/div/div/div[1]/form/div[1]/div/input\", \"context\": {\"data\": \"请输入赔偿金额\"}}", "Result": ""}
{"A": "{\"position\": {\"left_up\": [723, 657], \"right_down\": [736, 682]}, \"xpath\": \"/html/body/div[3]/div/div/div/div[1]/div/div/div/div/div[1]/form/div[3]/label[2]\", \"context\": {\"data\": \"元\"}}", "B": "{\"position\": {\"left_up\": [446, 657], \"right_down\": [708, 689]}, \"xpath\": \"/html/body/div[3]/div/div/div/div[1]/div/div/div/div/div[1]/form/div[1]/div/input\", \"context\": {\"data\": \"请输入转账金额\"}}", "Result": ""}
{"A": "{\"position\": {\"left_up\": [723, 657], \"right_down\": [736, 682]}, \"xpath\": \"/html/body/div[3]/div/div/div/div[1]/div/div/div/div/div[1]/form/div[3]/label[2]\", \"context\": {\"data\": \"元\"}}", "B": "{\"position\": {\"left_up\": [446, 751], \"right_down\": [708, 783]}, \"xpath\": \"/html/body/div[3]/div/div/div/div[1]/div/div/div/div/div[1]/form/div[1]/div/input\", \"context\": {\"data\": \"请输入收款方开户行分/支行\"}}", "Result": ""}
{"A": "{\"position\": {\"left_up\": [723, 657], \"right_down\": [736, 682]}, \"xpath\": \"/html/body/div[3]/div/div/div/div[1]/div/div/div/div/div[1]/form/div[3]/label[2]\", \"context\": {\"data\": \"元\"}}", "B": "{\"position\": {\"left_up\": [446, 809], \"right_down\": [708, 841]}, \"xpath\": \"/html/body/div[3]/div/div/div/div[1]/div/div/div/div/div[1]/form/div[1]/div/input\", \"context\": {\"data\": \"请输入收款方户名\"}}", "Result": ""}
{"A": "{\"position\": {\"left_up\": [723, 657], \"right_down\": [736, 682]}, \"xpath\": \"/html/body/div[3]/div/div/div/div[1]/div/div/div/div/div[1]/form/div[3]/label[2]\", \"context\": {\"data\": \"元\"}}", "B": "{\"position\": {\"left_up\": [446, 856], \"right_down\": [708, 888]}, \"xpath\": \"/html/body/div[3]/div/div/div/div[1]/div/div/div/div/div[1]/form/div[1]/div/input\", \"context\": {\"data\": \"请输入收款方账号\"}}", "Result": ""}
{"A": "{\"position\": {\"left_up\": [723, 657], \"right_down\": [736, 682]}, \"xpath\": \"/html/body/div[3]/div/div/div/div[1]/div/div/div/div/div[1]/form/div[3]/label[2]\", \"context\": {\"data\": \"元\"}}", "B": "{\"position\": {\"left_up\": [447, 904], \"right_down\": [706, 936]}, \"xpath\": \"/html/body/div[3]/div/div/div/div[1]/div/div/div/div/div[1]/form/div[1]/div/input\", \"context\": {\"data\": \"例如：北京市－东城区\"}}", "Result": ""}
{"A": "{\"position\": {\"left_up\": [723, 657], \"right_down\": [736, 682]}, \"xpath\": \"/html/body/div[3]/div/div/div/div[1]/div/div/div/div/div[1]/form/div[3]/label[2]\", \"context\": {\"data\": \"元\"}}", "B": "{\"position\": {\"left_up\": [446, 992], \"right_down\": [708, 1024]}, \"xpath\": \"/html/body/div[3]/div/div/div/div[1]/div/div/div/div/div[1]/form/div[1]/div/input\", \"context\": {\"data\": \"请输入手机号\"}}", "Result": ""}
{"A": "{\"position\": {\"left_up\": [723, 657], \"right_down\": [736, 682]}, \"xpath\": \"/html/body/div[3]/div/div/div/div[1]/div/div/div/div/div[1]/form/div[3]/label[2]\", \"context\": {\"data\": \"元\"}}", "B": "{\"position\": {\"left_up\": [446, 1039], \"right_down\": [708, 1071]}, \"xpath\": \"/html/body/div[3]/div/div/div/div[1]/div/div/div/div/div[1]/form/div[1]/div/input\", \"context\": {\"data\": \"请输入验证码\"}}", "Result": ""}
{"A": "{\"position\": {\"left_up\": [212, 704], \"right_down\": [431, 729]}, \"xpath\": \"/html/body/div[3]/div/div/div/div[1]/div/div/div/div/div[1]/form/div[5]/label\", \"context\": {\"data\": \"收款方银行*\"}}", "B": "{\"position\": {\"left_up\": [446, 563], \"right_down\": [708, 595]}, \"xpath\": \"/html/body/div[3]/div/div/div/div[1]/div/div/div/div/div[1]/form/div[1]/div/input\", \"context\": {\"data\": \"请输入12位数字运单号或“SF”开头的15位运单号\"}}", "Result": ""}
{"A": "{\"position\": {\"left_up\": [212, 704], \"right_down\": [431, 729]}, \"xpath\": \"/html/body/div[3]/div/div/div/div[1]/div/div/div/div/div[1]/form/div[5]/label\", \"context\": {\"data\": \"收款方银行*\"}}", "B": "{\"position\": {\"left_up\": [446, 610], \"right_down\": [708, 642]}, \"xpath\": \"/html/body/div[3]/div/div/div/div[1]/div/div/div/div/div[1]/form/div[1]/div/input\", \"context\": {\"data\": \"请输入赔偿金额\"}}", "Result": ""}
{"A": "{\"position\": {\"left_up\": [212, 704], \"right_down\": [431, 729]}, \"xpath\": \"/html/body/div[3]/div/div/div/div[1]/div/div/div/div/div[1]/form/div[5]/label\", \"context\": {\"data\": \"收款方银行*\"}}", "B": "{\"position\": {\"left_up\": [446, 657], \"right_down\": [708, 689]}, \"xpath\": \"/html/body/div[3]/div/div/div/div[1]/div/div/div/div/div[1]/form/div[1]/div/input\", \"context\": {\"data\": \"请输入转账金额\"}}", "Result": ""}
{"A": "{\"position\": {\"left_up\": [212, 704], \"right_down\": [431, 729]}, \"xpath\": \"/html/body/div[3]/div/div/div/div[1]/div/div/div/div/div[1]/form/div[5]/label\", \"context\": {\"data\": \"收款方银行*\"}}", "B": "{\"position\": {\"left_up\": [446, 751], \"right_down\": [708, 783]}, \"xpath\": \"/html/body/div[3]/div/div/div/div[1]/div/div/div/div/div[1]/form/div[1]/div/input\", \"context\": {\"data\": \"请输入收款方开户行分/支行\"}}", "Result": ""}
{"A": "{\"position\": {\"left_up\": [212, 704], \"right_down\": [431, 729]}, \"xpath\": \"/html/body/div[3]/div/div/div/div[1]/div/div/div/div/div[1]/form/div[5]/label\", \"context\": {\"data\": \"收款方银行*\"}}", "B": "{\"position\": {\"left_up\": [446, 809], \"right_down\": [708, 841]}, \"xpath\": \"/html/body/div[3]/div/div/div/div[1]/div/div/div/div/div[1]/form/div[1]/div/input\", \"context\": {\"data\": \"请输入收款方户名\"}}", "Result": ""}
{"A": "{\"position\": {\"left_up\": [212, 704], \"right_down\": [431, 729]}, \"xpath\": \"/html/body/div[3]/div/div/div/div[1]/div/div/div/div/div[1]/form/div[5]/label\", \"context\": {\"data\": \"收款方银行*\"}}", "B": "{\"position\": {\"left_up\": [446, 856], \"right_down\": [708, 888]}, \"xpath\": \"/html/body/div[3]/div/div/div/div[1]/div/div/div/div/div[1]/form/div[1]/div/input\", \"context\": {\"data\": \"请输入收款方账号\"}}", "Result": ""}
{"A": "{\"position\": {\"left_up\": [212, 704], \"right_down\": [431, 729]}, \"xpath\": \"/html/body/div[3]/div/div/div/div[1]/div/div/div/div/div[1]/form/div[5]/label\", \"context\": {\"data\": \"收款方银行*\"}}", "B": "{\"position\": {\"left_up\": [447, 904], \"right_down\": [706, 936]}, \"xpath\": \"/html/body/div[3]/div/div/div/div[1]/div/div/div/div/div[1]/form/div[1]/div/input\", \"context\": {\"data\": \"例如：北京市－东城区\"}}", "Result": ""}
{"A": "{\"position\": {\"left_up\": [212, 704], \"right_down\": [431, 729]}, \"xpath\": \"/html/body/div[3]/div/div/div/div[1]/div/div/div/div/div[1]/form/div[5]/label\", \"context\": {\"data\": \"收款方银行*\"}}", "B": "{\"position\": {\"left_up\": [446, 992], \"right_down\": [708, 1024]}, \"xpath\": \"/html/body/div[3]/div/div/div/div[1]/div/div/div/div/div[1]/form/div[1]/div/input\", \"context\": {\"data\": \"请输入手机号\"}}", "Result": ""}
{"A": "{\"position\": {\"left_up\": [212, 704], \"right_down\": [431, 729]}, \"xpath\": \"/html/body/div[3]/div/div/div/div[1]/div/div/div/div/div[1]/form/div[5]/label\", \"context\": {\"data\": \"收款方银行*\"}}", "B": "{\"position\": {\"left_up\": [446, 1039], \"right_down\": [708, 1071]}, \"xpath\": \"/html/body/div[3]/div/div/div/div[1]/div/div/div/div/div[1]/form/div[1]/div/input\", \"context\": {\"data\": \"请输入验证码\"}}", "Result": ""}
{"A": "{\"position\": {\"left_up\": [212, 751], \"right_down\": [431, 794]}, \"xpath\": \"/html/body/div[3]/div/div/div/div[1]/div/div/div/div/div[1]/form/div[6]/label\", \"context\": {\"data\": \"请输入正确的收款方开户行分/支行*\"}}", "B": "{\"position\": {\"left_up\": [446, 563], \"right_down\": [708, 595]}, \"xpath\": \"/html/body/div[3]/div/div/div/div[1]/div/div/div/div/div[1]/form/div[1]/div/input\", \"context\": {\"data\": \"请输入12位数字运单号或“SF”开头的15位运单号\"}}", "Result": ""}
{"A": "{\"position\": {\"left_up\": [212, 751], \"right_down\": [431, 794]}, \"xpath\": \"/html/body/div[3]/div/div/div/div[1]/div/div/div/div/div[1]/form/div[6]/label\", \"context\": {\"data\": \"请输入正确的收款方开户行分/支行*\"}}", "B": "{\"position\": {\"left_up\": [446, 610], \"right_down\": [708, 642]}, \"xpath\": \"/html/body/div[3]/div/div/div/div[1]/div/div/div/div/div[1]/form/div[1]/div/input\", \"context\": {\"data\": \"请输入赔偿金额\"}}", "Result": ""}
{"A": "{\"position\": {\"left_up\": [212, 751], \"right_down\": [431, 794]}, \"xpath\": \"/html/body/div[3]/div/div/div/div[1]/div/div/div/div/div[1]/form/div[6]/label\", \"context\": {\"data\": \"请输入正确的收款方开户行分/支行*\"}}", "B": "{\"position\": {\"left_up\": [446, 657], \"right_down\": [708, 689]}, \"xpath\": \"/html/body/div[3]/div/div/div/div[1]/div/div/div/div/div[1]/form/div[1]/div/input\", \"context\": {\"data\": \"请输入转账金额\"}}", "Result": ""}
{"A": "{\"position\": {\"left_up\": [212, 751], \"right_down\": [431, 794]}, \"xpath\": \"/html/body/div[3]/div/div/div/div[1]/div/div/div/div/div[1]/form/div[6]/label\", \"context\": {\"data\": \"请输入正确的收款方开户行分/支行*\"}}", "B": "{\"position\": {\"left_up\": [446, 751], \"right_down\": [708, 783]}, \"xpath\": \"/html/body/div[3]/div/div/div/div[1]/div/div/div/div/div[1]/form/div[1]/div/input\", \"context\": {\"data\": \"请输入收款方开户行分/支行\"}}", "Result": ""}
{"A": "{\"position\": {\"left_up\": [212, 751], \"right_down\": [431, 794]}, \"xpath\": \"/html/body/div[3]/div/div/div/div[1]/div/div/div/div/div[1]/form/div[6]/label\", \"context\": {\"data\": \"请输入正确的收款方开户行分/支行*\"}}", "B": "{\"position\": {\"left_up\": [446, 809], \"right_down\": [708, 841]}, \"xpath\": \"/html/body/div[3]/div/div/div/div[1]/div/div/div/div/div[1]/form/div[1]/div/input\", \"context\": {\"data\": \"请输入收款方户名\"}}", "Result": ""}
{"A": "{\"position\": {\"left_up\": [212, 751], \"right_down\": [431, 794]}, \"xpath\": \"/html/body/div[3]/div/div/div/div[1]/div/div/div/div/div[1]/form/div[6]/label\", \"context\": {\"data\": \"请输入正确的收款方开户行分/支行*\"}}", "B": "{\"position\": {\"left_up\": [446, 856], \"right_down\": [708, 888]}, \"xpath\": \"/html/body/div[3]/div/div/div/div[1]/div/div/div/div/div[1]/form/div[1]/div/input\", \"context\": {\"data\": \"请输入收款方账号\"}}", "Result": ""}
{"A": "{\"position\": {\"left_up\": [212, 751], \"right_down\": [431, 794]}, \"xpath\": \"/html/body/div[3]/div/div/div/div[1]/div/div/div/div/div[1]/form/div[6]/label\", \"context\": {\"data\": \"请输入正确的收款方开户行分/支行*\"}}", "B": "{\"position\": {\"left_up\": [447, 904], \"right_down\": [706, 936]}, \"xpath\": \"/html/body/div[3]/div/div/div/div[1]/div/div/div/div/div[1]/form/div[1]/div/input\", \"context\": {\"data\": \"例如：北京市－东城区\"}}", "Result": ""}
{"A": "{\"position\": {\"left_up\": [212, 751], \"right_down\": [431, 794]}, \"xpath\": \"/html/body/div[3]/div/div/div/div[1]/div/div/div/div/div[1]/form/div[6]/label\", \"context\": {\"data\": \"请输入正确的收款方开户行分/支行*\"}}", "B": "{\"position\": {\"left_up\": [446, 992], \"right_down\": [708, 1024]}, \"xpath\": \"/html/body/div[3]/div/div/div/div[1]/div/div/div/div/div[1]/form/div[1]/div/input\", \"context\": {\"data\": \"请输入手机号\"}}", "Result": ""}
{"A": "{\"position\": {\"left_up\": [212, 751], \"right_down\": [431, 794]}, \"xpath\": \"/html/body/div[3]/div/div/div/div[1]/div/div/div/div/div[1]/form/div[6]/label\", \"context\": {\"data\": \"请输入正确的收款方开户行分/支行*\"}}", "B": "{\"position\": {\"left_up\": [446, 1039], \"right_down\": [708, 1071]}, \"xpath\": \"/html/body/div[3]/div/div/div/div[1]/div/div/div/div/div[1]/form/div[1]/div/input\", \"context\": {\"data\": \"请输入验证码\"}}", "Result": ""}
{"A": "{\"position\": {\"left_up\": [212, 809], \"right_down\": [431, 834]}, \"xpath\": \"/html/body/div[3]/div/div/div/div[1]/div/div/div/div/div[1]/form/div[7]/label\", \"context\": {\"data\": \"请输入收款方户名*\"}}", "B": "{\"position\": {\"left_up\": [446, 563], \"right_down\": [708, 595]}, \"xpath\": \"/html/body/div[3]/div/div/div/div[1]/div/div/div/div/div[1]/form/div[1]/div/input\", \"context\": {\"data\": \"请输入12位数字运单号或“SF”开头的15位运单号\"}}", "Result": ""}
{"A": "{\"position\": {\"left_up\": [212, 809], \"right_down\": [431, 834]}, \"xpath\": \"/html/body/div[3]/div/div/div/div[1]/div/div/div/div/div[1]/form/div[7]/label\", \"context\": {\"data\": \"请输入收款方户名*\"}}", "B": "{\"position\": {\"left_up\": [446, 610], \"right_down\": [708, 642]}, \"xpath\": \"/html/body/div[3]/div/div/div/div[1]/div/div/div/div/div[1]/form/div[1]/div/input\", \"context\": {\"data\": \"请输入赔偿金额\"}}", "Result": ""}
{"A": "{\"position\": {\"left_up\": [212, 809], \"right_down\": [431, 834]}, \"xpath\": \"/html/body/div[3]/div/div/div/div[1]/div/div/div/div/div[1]/form/div[7]/label\", \"context\": {\"data\": \"请输入收款方户名*\"}}", "B": "{\"position\": {\"left_up\": [446, 657], \"right_down\": [708, 689]}, \"xpath\": \"/html/body/div[3]/div/div/div/div[1]/div/div/div/div/div[1]/form/div[1]/div/input\", \"context\": {\"data\": \"请输入转账金额\"}}", "Result": ""}
{"A": "{\"position\": {\"left_up\": [212, 809], \"right_down\": [431, 834]}, \"xpath\": \"/html/body/div[3]/div/div/div/div[1]/div/div/div/div/div[1]/form/div[7]/label\", \"context\": {\"data\": \"请输入收款方户名*\"}}", "B": "{\"position\": {\"left_up\": [446, 751], \"right_down\": [708, 783]}, \"xpath\": \"/html/body/div[3]/div/div/div/div[1]/div/div/div/div/div[1]/form/div[1]/div/input\", \"context\": {\"data\": \"请输入收款方开户行分/支行\"}}", "Result": ""}
{"A": "{\"position\": {\"left_up\": [212, 809], \"right_down\": [431, 834]}, \"xpath\": \"/html/body/div[3]/div/div/div/div[1]/div/div/div/div/div[1]/form/div[7]/label\", \"context\": {\"data\": \"请输入收款方户名*\"}}", "B": "{\"position\": {\"left_up\": [446, 809], \"right_down\": [708, 841]}, \"xpath\": \"/html/body/div[3]/div/div/div/div[1]/div/div/div/div/div[1]/form/div[1]/div/input\", \"context\": {\"data\": \"请输入收款方户名\"}}", "Result": ""}
{"A": "{\"position\": {\"left_up\": [212, 809], \"right_down\": [431, 834]}, \"xpath\": \"/html/body/div[3]/div/div/div/div[1]/div/div/div/div/div[1]/form/div[7]/label\", \"context\": {\"data\": \"请输入收款方户名*\"}}", "B": "{\"position\": {\"left_up\": [446, 856], \"right_down\": [708, 888]}, \"xpath\": \"/html/body/div[3]/div/div/div/div[1]/div/div/div/div/div[1]/form/div[1]/div/input\", \"context\": {\"data\": \"请输入收款方账号\"}}", "Result": ""}
{"A": "{\"position\": {\"left_up\": [212, 809], \"right_down\": [431, 834]}, \"xpath\": \"/html/body/div[3]/div/div/div/div[1]/div/div/div/div/div[1]/form/div[7]/label\", \"context\": {\"data\": \"请输入收款方户名*\"}}", "B": "{\"position\": {\"left_up\": [447, 904], \"right_down\": [706, 936]}, \"xpath\": \"/html/body/div[3]/div/div/div/div[1]/div/div/div/div/div[1]/form/div[1]/div/input\", \"context\": {\"data\": \"例如：北京市－东城区\"}}", "Result": ""}
{"A": "{\"position\": {\"left_up\": [212, 809], \"right_down\": [431, 834]}, \"xpath\": \"/html/body/div[3]/div/div/div/div[1]/div/div/div/div/div[1]/form/div[7]/label\", \"context\": {\"data\": \"请输入收款方户名*\"}}", "B": "{\"position\": {\"left_up\": [446, 992], \"right_down\": [708, 1024]}, \"xpath\": \"/html/body/div[3]/div/div/div/div[1]/div/div/div/div/div[1]/form/div[1]/div/input\", \"context\": {\"data\": \"请输入手机号\"}}", "Result": ""}
{"A": "{\"position\": {\"left_up\": [212, 809], \"right_down\": [431, 834]}, \"xpath\": \"/html/body/div[3]/div/div/div/div[1]/div/div/div/div/div[1]/form/div[7]/label\", \"context\": {\"data\": \"请输入收款方户名*\"}}", "B": "{\"position\": {\"left_up\": [446, 1039], \"right_down\": [708, 1071]}, \"xpath\": \"/html/body/div[3]/div/div/div/div[1]/div/div/div/div/div[1]/form/div[1]/div/input\", \"context\": {\"data\": \"请输入验证码\"}}", "Result": ""}
{"A": "{\"position\": {\"left_up\": [212, 856], \"right_down\": [431, 881]}, \"xpath\": \"/html/body/div[3]/div/div/div/div[1]/div/div/div/div/div[1]/form/div[8]/label\", \"context\": {\"data\": \"收款方账号*\"}}", "B": "{\"position\": {\"left_up\": [446, 563], \"right_down\": [708, 595]}, \"xpath\": \"/html/body/div[3]/div/div/div/div[1]/div/div/div/div/div[1]/form/div[1]/div/input\", \"context\": {\"data\": \"请输入12位数字运单号或“SF”开头的15位运单号\"}}", "Result": ""}
{"A": "{\"position\": {\"left_up\": [212, 856], \"right_down\": [431, 881]}, \"xpath\": \"/html/body/div[3]/div/div/div/div[1]/div/div/div/div/div[1]/form/div[8]/label\", \"context\": {\"data\": \"收款方账号*\"}}", "B": "{\"position\": {\"left_up\": [446, 610], \"right_down\": [708, 642]}, \"xpath\": \"/html/body/div[3]/div/div/div/div[1]/div/div/div/div/div[1]/form/div[1]/div/input\", \"context\": {\"data\": \"请输入赔偿金额\"}}", "Result": ""}
{"A": "{\"position\": {\"left_up\": [212, 856], \"right_down\": [431, 881]}, \"xpath\": \"/html/body/div[3]/div/div/div/div[1]/div/div/div/div/div[1]/form/div[8]/label\", \"context\": {\"data\": \"收款方账号*\"}}", "B": "{\"position\": {\"left_up\": [446, 657], \"right_down\": [708, 689]}, \"xpath\": \"/html/body/div[3]/div/div/div/div[1]/div/div/div/div/div[1]/form/div[1]/div/input\", \"context\": {\"data\": \"请输入转账金额\"}}", "Result": ""}
{"A": "{\"position\": {\"left_up\": [212, 856], \"right_down\": [431, 881]}, \"xpath\": \"/html/body/div[3]/div/div/div/div[1]/div/div/div/div/div[1]/form/div[8]/label\", \"context\": {\"data\": \"收款方账号*\"}}", "B": "{\"position\": {\"left_up\": [446, 751], \"right_down\": [708, 783]}, \"xpath\": \"/html/body/div[3]/div/div/div/div[1]/div/div/div/div/div[1]/form/div[1]/div/input\", \"context\": {\"data\": \"请输入收款方开户行分/支行\"}}", "Result": ""}
{"A": "{\"position\": {\"left_up\": [212, 856], \"right_down\": [431, 881]}, \"xpath\": \"/html/body/div[3]/div/div/div/div[1]/div/div/div/div/div[1]/form/div[8]/label\", \"context\": {\"data\": \"收款方账号*\"}}", "B": "{\"position\": {\"left_up\": [446, 809], \"right_down\": [708, 841]}, \"xpath\": \"/html/body/div[3]/div/div/div/div[1]/div/div/div/div/div[1]/form/div[1]/div/input\", \"context\": {\"data\": \"请输入收款方户名\"}}", "Result": ""}
{"A": "{\"position\": {\"left_up\": [212, 856], \"right_down\": [431, 881]}, \"xpath\": \"/html/body/div[3]/div/div/div/div[1]/div/div/div/div/div[1]/form/div[8]/label\", \"context\": {\"data\": \"收款方账号*\"}}", "B": "{\"position\": {\"left_up\": [446, 856], \"right_down\": [708, 888]}, \"xpath\": \"/html/body/div[3]/div/div/div/div[1]/div/div/div/div/div[1]/form/div[1]/div/input\", \"context\": {\"data\": \"请输入收款方账号\"}}", "Result": ""}
{"A": "{\"position\": {\"left_up\": [212, 856], \"right_down\": [431, 881]}, \"xpath\": \"/html/body/div[3]/div/div/div/div[1]/div/div/div/div/div[1]/form/div[8]/label\", \"context\": {\"data\": \"收款方账号*\"}}", "B": "{\"position\": {\"left_up\": [447, 904], \"right_down\": [706, 936]}, \"xpath\": \"/html/body/div[3]/div/div/div/div[1]/div/div/div/div/div[1]/form/div[1]/div/input\", \"context\": {\"data\": \"例如：北京市－东城区\"}}", "Result": ""}
{"A": "{\"position\": {\"left_up\": [212, 856], \"right_down\": [431, 881]}, \"xpath\": \"/html/body/div[3]/div/div/div/div[1]/div/div/div/div/div[1]/form/div[8]/label\", \"context\": {\"data\": \"收款方账号*\"}}", "B": "{\"position\": {\"left_up\": [446, 992], \"right_down\": [708, 1024]}, \"xpath\": \"/html/body/div[3]/div/div/div/div[1]/div/div/div/div/div[1]/form/div[1]/div/input\", \"context\": {\"data\": \"请输入手机号\"}}", "Result": ""}
{"A": "{\"position\": {\"left_up\": [212, 856], \"right_down\": [431, 881]}, \"xpath\": \"/html/body/div[3]/div/div/div/div[1]/div/div/div/div/div[1]/form/div[8]/label\", \"context\": {\"data\": \"收款方账号*\"}}", "B": "{\"position\": {\"left_up\": [446, 1039], \"right_down\": [708, 1071]}, \"xpath\": \"/html/body/div[3]/div/div/div/div[1]/div/div/div/div/div[1]/form/div[1]/div/input\", \"context\": {\"data\": \"请输入验证码\"}}", "Result": ""}
{"A": "{\"position\": {\"left_up\": [212, 903], \"right_down\": [431, 928]}, \"xpath\": \"/html/body/div[3]/div/div/div/div[1]/div/div/div/div/div[1]/form/div[9]/label\", \"context\": {\"data\": \"收款方地址*\"}}", "B": "{\"position\": {\"left_up\": [446, 563], \"right_down\": [708, 595]}, \"xpath\": \"/html/body/div[3]/div/div/div/div[1]/div/div/div/div/div[1]/form/div[1]/div/input\", \"context\": {\"data\": \"请输入12位数字运单号或“SF”开头的15位运单号\"}}", "Result": ""}
{"A": "{\"position\": {\"left_up\": [212, 903], \"right_down\": [431, 928]}, \"xpath\": \"/html/body/div[3]/div/div/div/div[1]/div/div/div/div/div[1]/form/div[9]/label\", \"context\": {\"data\": \"收款方地址*\"}}", "B": "{\"position\": {\"left_up\": [446, 610], \"right_down\": [708, 642]}, \"xpath\": \"/html/body/div[3]/div/div/div/div[1]/div/div/div/div/div[1]/form/div[1]/div/input\", \"context\": {\"data\": \"请输入赔偿金额\"}}", "Result": ""}
{"A": "{\"position\": {\"left_up\": [212, 903], \"right_down\": [431, 928]}, \"xpath\": \"/html/body/div[3]/div/div/div/div[1]/div/div/div/div/div[1]/form/div[9]/label\", \"context\": {\"data\": \"收款方地址*\"}}", "B": "{\"position\": {\"left_up\": [446, 657], \"right_down\": [708, 689]}, \"xpath\": \"/html/body/div[3]/div/div/div/div[1]/div/div/div/div/div[1]/form/div[1]/div/input\", \"context\": {\"data\": \"请输入转账金额\"}}", "Result": ""}
{"A": "{\"position\": {\"left_up\": [212, 903], \"right_down\": [431, 928]}, \"xpath\": \"/html/body/div[3]/div/div/div/div[1]/div/div/div/div/div[1]/form/div[9]/label\", \"context\": {\"data\": \"收款方地址*\"}}", "B": "{\"position\": {\"left_up\": [446, 751], \"right_down\": [708, 783]}, \"xpath\": \"/html/body/div[3]/div/div/div/div[1]/div/div/div/div/div[1]/form/div[1]/div/input\", \"context\": {\"data\": \"请输入收款方开户行分/支行\"}}", "Result": ""}
{"A": "{\"position\": {\"left_up\": [212, 903], \"right_down\": [431, 928]}, \"xpath\": \"/html/body/div[3]/div/div/div/div[1]/div/div/div/div/div[1]/form/div[9]/label\", \"context\": {\"data\": \"收款方地址*\"}}", "B": "{\"position\": {\"left_up\": [446, 809], \"right_down\": [708, 841]}, \"xpath\": \"/html/body/div[3]/div/div/div/div[1]/div/div/div/div/div[1]/form/div[1]/div/input\", \"context\": {\"data\": \"请输入收款方户名\"}}", "Result": ""}
{"A": "{\"position\": {\"left_up\": [212, 903], \"right_down\": [431, 928]}, \"xpath\": \"/html/body/div[3]/div/div/div/div[1]/div/div/div/div/div[1]/form/div[9]/label\", \"context\": {\"data\": \"收款方地址*\"}}", "B": "{\"position\": {\"left_up\": [446, 856], \"right_down\": [708, 888]}, \"xpath\": \"/html/body/div[3]/div/div/div/div[1]/div/div/div/div/div[1]/form/div[1]/div/input\", \"context\": {\"data\": \"请输入收款方账号\"}}", "Result": ""}
{"A": "{\"position\": {\"left_up\": [212, 903], \"right_down\": [431, 928]}, \"xpath\": \"/html/body/div[3]/div/div/div/div[1]/div/div/div/div/div[1]/form/div[9]/label\", \"context\": {\"data\": \"收款方地址*\"}}", "B": "{\"position\": {\"left_up\": [447, 904], \"right_down\": [706, 936]}, \"xpath\": \"/html/body/div[3]/div/div/div/div[1]/div/div/div/div/div[1]/form/div[1]/div/input\", \"context\": {\"data\": \"例如：北京市－东城区\"}}", "Result": ""}
{"A": "{\"position\": {\"left_up\": [212, 903], \"right_down\": [431, 928]}, \"xpath\": \"/html/body/div[3]/div/div/div/div[1]/div/div/div/div/div[1]/form/div[9]/label\", \"context\": {\"data\": \"收款方地址*\"}}", "B": "{\"position\": {\"left_up\": [446, 992], \"right_down\": [708, 1024]}, \"xpath\": \"/html/body/div[3]/div/div/div/div[1]/div/div/div/div/div[1]/form/div[1]/div/input\", \"context\": {\"data\": \"请输入手机号\"}}", "Result": ""}
{"A": "{\"position\": {\"left_up\": [212, 903], \"right_down\": [431, 928]}, \"xpath\": \"/html/body/div[3]/div/div/div/div[1]/div/div/div/div/div[1]/form/div[9]/label\", \"context\": {\"data\": \"收款方地址*\"}}", "B": "{\"position\": {\"left_up\": [446, 1039], \"right_down\": [708, 1071]}, \"xpath\": \"/html/body/div[3]/div/div/div/div[1]/div/div/div/div/div[1]/form/div[1]/div/input\", \"context\": {\"data\": \"请输入验证码\"}}", "Result": ""}
{"A": "{\"position\": {\"left_up\": [212, 952], \"right_down\": [431, 977]}, \"xpath\": \"/html/body/div[3]/div/div/div/div[1]/div/div/div/div/div[1]/form/div[10]/label\", \"context\": {\"data\": \"是否属公司账号*\"}}", "B": "{\"position\": {\"left_up\": [446, 563], \"right_down\": [708, 595]}, \"xpath\": \"/html/body/div[3]/div/div/div/div[1]/div/div/div/div/div[1]/form/div[1]/div/input\", \"context\": {\"data\": \"请输入12位数字运单号或“SF”开头的15位运单号\"}}", "Result": ""}
{"A": "{\"position\": {\"left_up\": [212, 952], \"right_down\": [431, 977]}, \"xpath\": \"/html/body/div[3]/div/div/div/div[1]/div/div/div/div/div[1]/form/div[10]/label\", \"context\": {\"data\": \"是否属公司账号*\"}}", "B": "{\"position\": {\"left_up\": [446, 610], \"right_down\": [708, 642]}, \"xpath\": \"/html/body/div[3]/div/div/div/div[1]/div/div/div/div/div[1]/form/div[1]/div/input\", \"context\": {\"data\": \"请输入赔偿金额\"}}", "Result": ""}
{"A": "{\"position\": {\"left_up\": [212, 952], \"right_down\": [431, 977]}, \"xpath\": \"/html/body/div[3]/div/div/div/div[1]/div/div/div/div/div[1]/form/div[10]/label\", \"context\": {\"data\": \"是否属公司账号*\"}}", "B": "{\"position\": {\"left_up\": [446, 657], \"right_down\": [708, 689]}, \"xpath\": \"/html/body/div[3]/div/div/div/div[1]/div/div/div/div/div[1]/form/div[1]/div/input\", \"context\": {\"data\": \"请输入转账金额\"}}", "Result": ""}
{"A": "{\"position\": {\"left_up\": [212, 952], \"right_down\": [431, 977]}, \"xpath\": \"/html/body/div[3]/div/div/div/div[1]/div/div/div/div/div[1]/form/div[10]/label\", \"context\": {\"data\": \"是否属公司账号*\"}}", "B": "{\"position\": {\"left_up\": [446, 751], \"right_down\": [708, 783]}, \"xpath\": \"/html/body/div[3]/div/div/div/div[1]/div/div/div/div/div[1]/form/div[1]/div/input\", \"context\": {\"data\": \"请输入收款方开户行分/支行\"}}", "Result": ""}
{"A": "{\"position\": {\"left_up\": [212, 952], \"right_down\": [431, 977]}, \"xpath\": \"/html/body/div[3]/div/div/div/div[1]/div/div/div/div/div[1]/form/div[10]/label\", \"context\": {\"data\": \"是否属公司账号*\"}}", "B": "{\"position\": {\"left_up\": [446, 809], \"right_down\": [708, 841]}, \"xpath\": \"/html/body/div[3]/div/div/div/div[1]/div/div/div/div/div[1]/form/div[1]/div/input\", \"context\": {\"data\": \"请输入收款方户名\"}}", "Result": ""}
{"A": "{\"position\": {\"left_up\": [212, 952], \"right_down\": [431, 977]}, \"xpath\": \"/html/body/div[3]/div/div/div/div[1]/div/div/div/div/div[1]/form/div[10]/label\", \"context\": {\"data\": \"是否属公司账号*\"}}", "B": "{\"position\": {\"left_up\": [446, 856], \"right_down\": [708, 888]}, \"xpath\": \"/html/body/div[3]/div/div/div/div[1]/div/div/div/div/div[1]/form/div[1]/div/input\", \"context\": {\"data\": \"请输入收款方账号\"}}", "Result": ""}
{"A": "{\"position\": {\"left_up\": [212, 952], \"right_down\": [431, 977]}, \"xpath\": \"/html/body/div[3]/div/div/div/div[1]/div/div/div/div/div[1]/form/div[10]/label\", \"context\": {\"data\": \"是否属公司账号*\"}}", "B": "{\"position\": {\"left_up\": [447, 904], \"right_down\": [706, 936]}, \"xpath\": \"/html/body/div[3]/div/div/div/div[1]/div/div/div/div/div[1]/form/div[1]/div/input\", \"context\": {\"data\": \"例如：北京市－东城区\"}}", "Result": ""}
{"A": "{\"position\": {\"left_up\": [212, 952], \"right_down\": [431, 977]}, \"xpath\": \"/html/body/div[3]/div/div/div/div[1]/div/div/div/div/div[1]/form/div[10]/label\", \"context\": {\"data\": \"是否属公司账号*\"}}", "B": "{\"position\": {\"left_up\": [446, 992], \"right_down\": [708, 1024]}, \"xpath\": \"/html/body/div[3]/div/div/div/div[1]/div/div/div/div/div[1]/form/div[1]/div/input\", \"context\": {\"data\": \"请输入手机号\"}}", "Result": ""}
{"A": "{\"position\": {\"left_up\": [212, 952], \"right_down\": [431, 977]}, \"xpath\": \"/html/body/div[3]/div/div/div/div[1]/div/div/div/div/div[1]/form/div[10]/label\", \"context\": {\"data\": \"是否属公司账号*\"}}", "B": "{\"position\": {\"left_up\": [446, 1039], \"right_down\": [708, 1071]}, \"xpath\": \"/html/body/div[3]/div/div/div/div[1]/div/div/div/div/div[1]/form/div[1]/div/input\", \"context\": {\"data\": \"请输入验证码\"}}", "Result": ""}
{"A": "{\"position\": {\"left_up\": [446, 952], \"right_down\": [479, 977]}, \"xpath\": \"/html/body/div[3]/div/div/div/div[1]/div/div/div/div/div[1]/form/div[10]/div/label[1]\", \"context\": {\"data\": \"是\"}}", "B": "{\"position\": {\"left_up\": [446, 563], \"right_down\": [708, 595]}, \"xpath\": \"/html/body/div[3]/div/div/div/div[1]/div/div/div/div/div[1]/form/div[1]/div/input\", \"context\": {\"data\": \"请输入12位数字运单号或“SF”开头的15位运单号\"}}", "Result": ""}
{"A": "{\"position\": {\"left_up\": [446, 952], \"right_down\": [479, 977]}, \"xpath\": \"/html/body/div[3]/div/div/div/div[1]/div/div/div/div/div[1]/form/div[10]/div/label[1]\", \"context\": {\"data\": \"是\"}}", "B": "{\"position\": {\"left_up\": [446, 610], \"right_down\": [708, 642]}, \"xpath\": \"/html/body/div[3]/div/div/div/div[1]/div/div/div/div/div[1]/form/div[1]/div/input\", \"context\": {\"data\": \"请输入赔偿金额\"}}", "Result": ""}
{"A": "{\"position\": {\"left_up\": [446, 952], \"right_down\": [479, 977]}, \"xpath\": \"/html/body/div[3]/div/div/div/div[1]/div/div/div/div/div[1]/form/div[10]/div/label[1]\", \"context\": {\"data\": \"是\"}}", "B": "{\"position\": {\"left_up\": [446, 657], \"right_down\": [708, 689]}, \"xpath\": \"/html/body/div[3]/div/div/div/div[1]/div/div/div/div/div[1]/form/div[1]/div/input\", \"context\": {\"data\": \"请输入转账金额\"}}", "Result": ""}
{"A": "{\"position\": {\"left_up\": [446, 952], \"right_down\": [479, 977]}, \"xpath\": \"/html/body/div[3]/div/div/div/div[1]/div/div/div/div/div[1]/form/div[10]/div/label[1]\", \"context\": {\"data\": \"是\"}}", "B": "{\"position\": {\"left_up\": [446, 751], \"right_down\": [708, 783]}, \"xpath\": \"/html/body/div[3]/div/div/div/div[1]/div/div/div/div/div[1]/form/div[1]/div/input\", \"context\": {\"data\": \"请输入收款方开户行分/支行\"}}", "Result": ""}
{"A": "{\"position\": {\"left_up\": [446, 952], \"right_down\": [479, 977]}, \"xpath\": \"/html/body/div[3]/div/div/div/div[1]/div/div/div/div/div[1]/form/div[10]/div/label[1]\", \"context\": {\"data\": \"是\"}}", "B": "{\"position\": {\"left_up\": [446, 809], \"right_down\": [708, 841]}, \"xpath\": \"/html/body/div[3]/div/div/div/div[1]/div/div/div/div/div[1]/form/div[1]/div/input\", \"context\": {\"data\": \"请输入收款方户名\"}}", "Result": ""}
{"A": "{\"position\": {\"left_up\": [446, 952], \"right_down\": [479, 977]}, \"xpath\": \"/html/body/div[3]/div/div/div/div[1]/div/div/div/div/div[1]/form/div[10]/div/label[1]\", \"context\": {\"data\": \"是\"}}", "B": "{\"position\": {\"left_up\": [446, 856], \"right_down\": [708, 888]}, \"xpath\": \"/html/body/div[3]/div/div/div/div[1]/div/div/div/div/div[1]/form/div[1]/div/input\", \"context\": {\"data\": \"请输入收款方账号\"}}", "Result": ""}
{"A": "{\"position\": {\"left_up\": [446, 952], \"right_down\": [479, 977]}, \"xpath\": \"/html/body/div[3]/div/div/div/div[1]/div/div/div/div/div[1]/form/div[10]/div/label[1]\", \"context\": {\"data\": \"是\"}}", "B": "{\"position\": {\"left_up\": [447, 904], \"right_down\": [706, 936]}, \"xpath\": \"/html/body/div[3]/div/div/div/div[1]/div/div/div/div/div[1]/form/div[1]/div/input\", \"context\": {\"data\": \"例如：北京市－东城区\"}}", "Result": ""}
{"A": "{\"position\": {\"left_up\": [446, 952], \"right_down\": [479, 977]}, \"xpath\": \"/html/body/div[3]/div/div/div/div[1]/div/div/div/div/div[1]/form/div[10]/div/label[1]\", \"context\": {\"data\": \"是\"}}", "B": "{\"position\": {\"left_up\": [446, 992], \"right_down\": [708, 1024]}, \"xpath\": \"/html/body/div[3]/div/div/div/div[1]/div/div/div/div/div[1]/form/div[1]/div/input\", \"context\": {\"data\": \"请输入手机号\"}}", "Result": ""}
{"A": "{\"position\": {\"left_up\": [446, 952], \"right_down\": [479, 977]}, \"xpath\": \"/html/body/div[3]/div/div/div/div[1]/div/div/div/div/div[1]/form/div[10]/div/label[1]\", \"context\": {\"data\": \"是\"}}", "B": "{\"position\": {\"left_up\": [446, 1039], \"right_down\": [708, 1071]}, \"xpath\": \"/html/body/div[3]/div/div/div/div[1]/div/div/div/div/div[1]/form/div[1]/div/input\", \"context\": {\"data\": \"请输入验证码\"}}", "Result": ""}
{"A": "{\"position\": {\"left_up\": [493, 952], \"right_down\": [526, 977]}, \"xpath\": \"/html/body/div[3]/div/div/div/div[1]/div/div/div/div/div[1]/form/div[10]/div/label[2]\", \"context\": {\"data\": \"否\"}}", "B": "{\"position\": {\"left_up\": [446, 563], \"right_down\": [708, 595]}, \"xpath\": \"/html/body/div[3]/div/div/div/div[1]/div/div/div/div/div[1]/form/div[1]/div/input\", \"context\": {\"data\": \"请输入12位数字运单号或“SF”开头的15位运单号\"}}", "Result": ""}
{"A": "{\"position\": {\"left_up\": [493, 952], \"right_down\": [526, 977]}, \"xpath\": \"/html/body/div[3]/div/div/div/div[1]/div/div/div/div/div[1]/form/div[10]/div/label[2]\", \"context\": {\"data\": \"否\"}}", "B": "{\"position\": {\"left_up\": [446, 610], \"right_down\": [708, 642]}, \"xpath\": \"/html/body/div[3]/div/div/div/div[1]/div/div/div/div/div[1]/form/div[1]/div/input\", \"context\": {\"data\": \"请输入赔偿金额\"}}", "Result": ""}
{"A": "{\"position\": {\"left_up\": [493, 952], \"right_down\": [526, 977]}, \"xpath\": \"/html/body/div[3]/div/div/div/div[1]/div/div/div/div/div[1]/form/div[10]/div/label[2]\", \"context\": {\"data\": \"否\"}}", "B": "{\"position\": {\"left_up\": [446, 657], \"right_down\": [708, 689]}, \"xpath\": \"/html/body/div[3]/div/div/div/div[1]/div/div/div/div/div[1]/form/div[1]/div/input\", \"context\": {\"data\": \"请输入转账金额\"}}", "Result": ""}
{"A": "{\"position\": {\"left_up\": [493, 952], \"right_down\": [526, 977]}, \"xpath\": \"/html/body/div[3]/div/div/div/div[1]/div/div/div/div/div[1]/form/div[10]/div/label[2]\", \"context\": {\"data\": \"否\"}}", "B": "{\"position\": {\"left_up\": [446, 751], \"right_down\": [708, 783]}, \"xpath\": \"/html/body/div[3]/div/div/div/div[1]/div/div/div/div/div[1]/form/div[1]/div/input\", \"context\": {\"data\": \"请输入收款方开户行分/支行\"}}", "Result": ""}
{"A": "{\"position\": {\"left_up\": [493, 952], \"right_down\": [526, 977]}, \"xpath\": \"/html/body/div[3]/div/div/div/div[1]/div/div/div/div/div[1]/form/div[10]/div/label[2]\", \"context\": {\"data\": \"否\"}}", "B": "{\"position\": {\"left_up\": [446, 809], \"right_down\": [708, 841]}, \"xpath\": \"/html/body/div[3]/div/div/div/div[1]/div/div/div/div/div[1]/form/div[1]/div/input\", \"context\": {\"data\": \"请输入收款方户名\"}}", "Result": ""}
{"A": "{\"position\": {\"left_up\": [493, 952], \"right_down\": [526, 977]}, \"xpath\": \"/html/body/div[3]/div/div/div/div[1]/div/div/div/div/div[1]/form/div[10]/div/label[2]\", \"context\": {\"data\": \"否\"}}", "B": "{\"position\": {\"left_up\": [446, 856], \"right_down\": [708, 888]}, \"xpath\": \"/html/body/div[3]/div/div/div/div[1]/div/div/div/div/div[1]/form/div[1]/div/input\", \"context\": {\"data\": \"请输入收款方账号\"}}", "Result": ""}
{"A": "{\"position\": {\"left_up\": [493, 952], \"right_down\": [526, 977]}, \"xpath\": \"/html/body/div[3]/div/div/div/div[1]/div/div/div/div/div[1]/form/div[10]/div/label[2]\", \"context\": {\"data\": \"否\"}}", "B": "{\"position\": {\"left_up\": [447, 904], \"right_down\": [706, 936]}, \"xpath\": \"/html/body/div[3]/div/div/div/div[1]/div/div/div/div/div[1]/form/div[1]/div/input\", \"context\": {\"data\": \"例如：北京市－东城区\"}}", "Result": ""}
{"A": "{\"position\": {\"left_up\": [493, 952], \"right_down\": [526, 977]}, \"xpath\": \"/html/body/div[3]/div/div/div/div[1]/div/div/div/div/div[1]/form/div[10]/div/label[2]\", \"context\": {\"data\": \"否\"}}", "B": "{\"position\": {\"left_up\": [446, 992], \"right_down\": [708, 1024]}, \"xpath\": \"/html/body/div[3]/div/div/div/div[1]/div/div/div/div/div[1]/form/div[1]/div/input\", \"context\": {\"data\": \"请输入手机号\"}}", "Result": ""}
{"A": "{\"position\": {\"left_up\": [493, 952], \"right_down\": [526, 977]}, \"xpath\": \"/html/body/div[3]/div/div/div/div[1]/div/div/div/div/div[1]/form/div[10]/div/label[2]\", \"context\": {\"data\": \"否\"}}", "B": "{\"position\": {\"left_up\": [446, 1039], \"right_down\": [708, 1071]}, \"xpath\": \"/html/body/div[3]/div/div/div/div[1]/div/div/div/div/div[1]/form/div[1]/div/input\", \"context\": {\"data\": \"请输入验证码\"}}", "Result": ""}
{"A": "{\"position\": {\"left_up\": [212, 992], \"right_down\": [431, 1017]}, \"xpath\": \"/html/body/div[3]/div/div/div/div[1]/div/div/div/div/div[1]/form/div[11]/label\", \"context\": {\"data\": \"手机号*\"}}", "B": "{\"position\": {\"left_up\": [446, 563], \"right_down\": [708, 595]}, \"xpath\": \"/html/body/div[3]/div/div/div/div[1]/div/div/div/div/div[1]/form/div[1]/div/input\", \"context\": {\"data\": \"请输入12位数字运单号或“SF”开头的15位运单号\"}}", "Result": ""}
{"A": "{\"position\": {\"left_up\": [212, 992], \"right_down\": [431, 1017]}, \"xpath\": \"/html/body/div[3]/div/div/div/div[1]/div/div/div/div/div[1]/form/div[11]/label\", \"context\": {\"data\": \"手机号*\"}}", "B": "{\"position\": {\"left_up\": [446, 610], \"right_down\": [708, 642]}, \"xpath\": \"/html/body/div[3]/div/div/div/div[1]/div/div/div/div/div[1]/form/div[1]/div/input\", \"context\": {\"data\": \"请输入赔偿金额\"}}", "Result": ""}
{"A": "{\"position\": {\"left_up\": [212, 992], \"right_down\": [431, 1017]}, \"xpath\": \"/html/body/div[3]/div/div/div/div[1]/div/div/div/div/div[1]/form/div[11]/label\", \"context\": {\"data\": \"手机号*\"}}", "B": "{\"position\": {\"left_up\": [446, 657], \"right_down\": [708, 689]}, \"xpath\": \"/html/body/div[3]/div/div/div/div[1]/div/div/div/div/div[1]/form/div[1]/div/input\", \"context\": {\"data\": \"请输入转账金额\"}}", "Result": ""}
{"A": "{\"position\": {\"left_up\": [212, 992], \"right_down\": [431, 1017]}, \"xpath\": \"/html/body/div[3]/div/div/div/div[1]/div/div/div/div/div[1]/form/div[11]/label\", \"context\": {\"data\": \"手机号*\"}}", "B": "{\"position\": {\"left_up\": [446, 751], \"right_down\": [708, 783]}, \"xpath\": \"/html/body/div[3]/div/div/div/div[1]/div/div/div/div/div[1]/form/div[1]/div/input\", \"context\": {\"data\": \"请输入收款方开户行分/支行\"}}", "Result": ""}
{"A": "{\"position\": {\"left_up\": [212, 992], \"right_down\": [431, 1017]}, \"xpath\": \"/html/body/div[3]/div/div/div/div[1]/div/div/div/div/div[1]/form/div[11]/label\", \"context\": {\"data\": \"手机号*\"}}", "B": "{\"position\": {\"left_up\": [446, 809], \"right_down\": [708, 841]}, \"xpath\": \"/html/body/div[3]/div/div/div/div[1]/div/div/div/div/div[1]/form/div[1]/div/input\", \"context\": {\"data\": \"请输入收款方户名\"}}", "Result": ""}
{"A": "{\"position\": {\"left_up\": [212, 992], \"right_down\": [431, 1017]}, \"xpath\": \"/html/body/div[3]/div/div/div/div[1]/div/div/div/div/div[1]/form/div[11]/label\", \"context\": {\"data\": \"手机号*\"}}", "B": "{\"position\": {\"left_up\": [446, 856], \"right_down\": [708, 888]}, \"xpath\": \"/html/body/div[3]/div/div/div/div[1]/div/div/div/div/div[1]/form/div[1]/div/input\", \"context\": {\"data\": \"请输入收款方账号\"}}", "Result": ""}
{"A": "{\"position\": {\"left_up\": [212, 992], \"right_down\": [431, 1017]}, \"xpath\": \"/html/body/div[3]/div/div/div/div[1]/div/div/div/div/div[1]/form/div[11]/label\", \"context\": {\"data\": \"手机号*\"}}", "B": "{\"position\": {\"left_up\": [447, 904], \"right_down\": [706, 936]}, \"xpath\": \"/html/body/div[3]/div/div/div/div[1]/div/div/div/div/div[1]/form/div[1]/div/input\", \"context\": {\"data\": \"例如：北京市－东城区\"}}", "Result": ""}
{"A": "{\"position\": {\"left_up\": [212, 992], \"right_down\": [431, 1017]}, \"xpath\": \"/html/body/div[3]/div/div/div/div[1]/div/div/div/div/div[1]/form/div[11]/label\", \"context\": {\"data\": \"手机号*\"}}", "B": "{\"position\": {\"left_up\": [446, 992], \"right_down\": [708, 1024]}, \"xpath\": \"/html/body/div[3]/div/div/div/div[1]/div/div/div/div/div[1]/form/div[1]/div/input\", \"context\": {\"data\": \"请输入手机号\"}}", "Result": ""}
{"A": "{\"position\": {\"left_up\": [212, 992], \"right_down\": [431, 1017]}, \"xpath\": \"/html/body/div[3]/div/div/div/div[1]/div/div/div/div/div[1]/form/div[11]/label\", \"context\": {\"data\": \"手机号*\"}}", "B": "{\"position\": {\"left_up\": [446, 1039], \"right_down\": [708, 1071]}, \"xpath\": \"/html/body/div[3]/div/div/div/div[1]/div/div/div/div/div[1]/form/div[1]/div/input\", \"context\": {\"data\": \"请输入验证码\"}}", "Result": ""}
{"A": "{\"position\": {\"left_up\": [212, 1039], \"right_down\": [431, 1064]}, \"xpath\": \"/html/body/div[3]/div/div/div/div[1]/div/div/div/div/div[1]/form/div[13]/label\", \"context\": {\"data\": \"验证码*\"}}", "B": "{\"position\": {\"left_up\": [446, 563], \"right_down\": [708, 595]}, \"xpath\": \"/html/body/div[3]/div/div/div/div[1]/div/div/div/div/div[1]/form/div[1]/div/input\", \"context\": {\"data\": \"请输入12位数字运单号或“SF”开头的15位运单号\"}}", "Result": ""}
{"A": "{\"position\": {\"left_up\": [212, 1039], \"right_down\": [431, 1064]}, \"xpath\": \"/html/body/div[3]/div/div/div/div[1]/div/div/div/div/div[1]/form/div[13]/label\", \"context\": {\"data\": \"验证码*\"}}", "B": "{\"position\": {\"left_up\": [446, 610], \"right_down\": [708, 642]}, \"xpath\": \"/html/body/div[3]/div/div/div/div[1]/div/div/div/div/div[1]/form/div[1]/div/input\", \"context\": {\"data\": \"请输入赔偿金额\"}}", "Result": ""}
{"A": "{\"position\": {\"left_up\": [212, 1039], \"right_down\": [431, 1064]}, \"xpath\": \"/html/body/div[3]/div/div/div/div[1]/div/div/div/div/div[1]/form/div[13]/label\", \"context\": {\"data\": \"验证码*\"}}", "B": "{\"position\": {\"left_up\": [446, 657], \"right_down\": [708, 689]}, \"xpath\": \"/html/body/div[3]/div/div/div/div[1]/div/div/div/div/div[1]/form/div[1]/div/input\", \"context\": {\"data\": \"请输入转账金额\"}}", "Result": ""}
{"A": "{\"position\": {\"left_up\": [212, 1039], \"right_down\": [431, 1064]}, \"xpath\": \"/html/body/div[3]/div/div/div/div[1]/div/div/div/div/div[1]/form/div[13]/label\", \"context\": {\"data\": \"验证码*\"}}", "B": "{\"position\": {\"left_up\": [446, 751], \"right_down\": [708, 783]}, \"xpath\": \"/html/body/div[3]/div/div/div/div[1]/div/div/div/div/div[1]/form/div[1]/div/input\", \"context\": {\"data\": \"请输入收款方开户行分/支行\"}}", "Result": ""}
{"A": "{\"position\": {\"left_up\": [212, 1039], \"right_down\": [431, 1064]}, \"xpath\": \"/html/body/div[3]/div/div/div/div[1]/div/div/div/div/div[1]/form/div[13]/label\", \"context\": {\"data\": \"验证码*\"}}", "B": "{\"position\": {\"left_up\": [446, 809], \"right_down\": [708, 841]}, \"xpath\": \"/html/body/div[3]/div/div/div/div[1]/div/div/div/div/div[1]/form/div[1]/div/input\", \"context\": {\"data\": \"请输入收款方户名\"}}", "Result": ""}
{"A": "{\"position\": {\"left_up\": [212, 1039], \"right_down\": [431, 1064]}, \"xpath\": \"/html/body/div[3]/div/div/div/div[1]/div/div/div/div/div[1]/form/div[13]/label\", \"context\": {\"data\": \"验证码*\"}}", "B": "{\"position\": {\"left_up\": [446, 856], \"right_down\": [708, 888]}, \"xpath\": \"/html/body/div[3]/div/div/div/div[1]/div/div/div/div/div[1]/form/div[1]/div/input\", \"context\": {\"data\": \"请输入收款方账号\"}}", "Result": ""}
{"A": "{\"position\": {\"left_up\": [212, 1039], \"right_down\": [431, 1064]}, \"xpath\": \"/html/body/div[3]/div/div/div/div[1]/div/div/div/div/div[1]/form/div[13]/label\", \"context\": {\"data\": \"验证码*\"}}", "B": "{\"position\": {\"left_up\": [447, 904], \"right_down\": [706, 936]}, \"xpath\": \"/html/body/div[3]/div/div/div/div[1]/div/div/div/div/div[1]/form/div[1]/div/input\", \"context\": {\"data\": \"例如：北京市－东城区\"}}", "Result": ""}
{"A": "{\"position\": {\"left_up\": [212, 1039], \"right_down\": [431, 1064]}, \"xpath\": \"/html/body/div[3]/div/div/div/div[1]/div/div/div/div/div[1]/form/div[13]/label\", \"context\": {\"data\": \"验证码*\"}}", "B": "{\"position\": {\"left_up\": [446, 992], \"right_down\": [708, 1024]}, \"xpath\": \"/html/body/div[3]/div/div/div/div[1]/div/div/div/div/div[1]/form/div[1]/div/input\", \"context\": {\"data\": \"请输入手机号\"}}", "Result": ""}
{"A": "{\"position\": {\"left_up\": [212, 1039], \"right_down\": [431, 1064]}, \"xpath\": \"/html/body/div[3]/div/div/div/div[1]/div/div/div/div/div[1]/form/div[13]/label\", \"context\": {\"data\": \"验证码*\"}}", "B": "{\"position\": {\"left_up\": [446, 1039], \"right_down\": [708, 1071]}, \"xpath\": \"/html/body/div[3]/div/div/div/div[1]/div/div/div/div/div[1]/form/div[1]/div/input\", \"context\": {\"data\": \"请输入验证码\"}}", "Result": ""}
{"A": "{\"position\": {\"left_up\": [240, 519], \"right_down\": [273, 543]}, \"xpath\": \"/html/body/div[3]/div/div/div/div/div[2]/div/div/div/div[1]/div/div/div[1]/form/div[2]/div[1]/label\", \"context\": {\"data\": \"姓名\"}}", "B": "{\"position\": {\"left_up\": [240, 543], \"right_down\": [556, 575]}, \"xpath\": \"/html/body/div[3]/div/div/div/div/div[2]/div/div/div/div[1]/div/div/div[1]/form/div[2]/div[1]/input\", \"context\": {\"data\": \"请填写联系人姓名\"}}", "Result": ""}
{"A": "{\"position\": {\"left_up\": [240, 519], \"right_down\": [273, 543]}, \"xpath\": \"/html/body/div[3]/div/div/div/div/div[2]/div/div/div/div[1]/div/div/div[1]/form/div[2]/div[1]/label\", \"context\": {\"data\": \"姓名\"}}", "B": "{\"position\": {\"left_up\": [724, 543], \"right_down\": [1040, 575]}, \"xpath\": \"/html/body/div[3]/div/div/div/div/div[2]/div/div/div/div[1]/div/div/div[1]/form/div[2]/div[1]/input\", \"context\": {\"data\": \"请填写公司名称\"}}", "Result": ""}
{"A": "{\"position\": {\"left_up\": [240, 519], \"right_down\": [273, 543]}, \"xpath\": \"/html/body/div[3]/div/div/div/div/div[2]/div/div/div/div[1]/div/div/div[1]/form/div[2]/div[1]/label\", \"context\": {\"data\": \"姓名\"}}", "B": "{\"position\": {\"left_up\": [240, 619], \"right_down\": [556, 651]}, \"xpath\": \"/html/body/div[3]/div/div/div/div/div[2]/div/div/div/div[1]/div/div/div[1]/form/div[2]/div[1]/input\", \"context\": {\"data\": \"请填写手机号码\"}}", "Result": ""}
{"A": "{\"position\": {\"left_up\": [240, 519], \"right_down\": [273, 543]}, \"xpath\": \"/html/body/div[3]/div/div/div/div/div[2]/div/div/div/div[1]/div/div/div[1]/form/div[2]/div[1]/label\", \"context\": {\"data\": \"姓名\"}}", "B": "{\"position\": {\"left_up\": [724, 619], \"right_down\": [1040, 651]}, \"xpath\": \"/html/body/div[3]/div/div/div/div/div[2]/div/div/div/div[1]/div/div/div[1]/form/div[2]/div[1]/input\", \"context\": {\"data\": \"请填写固话号码\"}}", "Result": ""}
{"A": "{\"position\": {\"left_up\": [240, 519], \"right_down\": [273, 543]}, \"xpath\": \"/html/body/div[3]/div/div/div/div/div[2]/div/div/div/div[1]/div/div/div[1]/form/div[2]/div[1]/label\", \"context\": {\"data\": \"姓名\"}}", "B": "{\"position\": {\"left_up\": [240, 695], \"right_down\": [902, 727]}, \"xpath\": \"/html/body/div[3]/div/div/div/div/div[2]/div/div/div/div[1]/div/div/div[1]/form/div[2]/div[1]/input\", \"context\": {\"data\": \"请选择所在地区，例如：广东省－深圳市－福田区\"}}", "Result": ""}
{"A": "{\"position\": {\"left_up\": [240, 519], \"right_down\": [273, 543]}, \"xpath\": \"/html/body/div[3]/div/div/div/div/div[2]/div/div/div/div[1]/div/div/div[1]/form/div[2]/div[1]/label\", \"context\": {\"data\": \"姓名\"}}", "B": "{\"position\": {\"left_up\": [240, 771], \"right_down\": [902, 803]}, \"xpath\": \"/html/body/div[3]/div/div/div/div/div[2]/div/div/div/div[1]/div/div/div[1]/form/div[2]/div[1]/input\", \"context\": {\"data\": \"请填写所在街道以及详细地址\"}}", "Result": ""}
{"A": "{\"position\": {\"left_up\": [724, 519], \"right_down\": [772, 543]}, \"xpath\": \"/html/body/div[3]/div/div/div/div/div[2]/div/div/div/div[1]/div/div/div[1]/form/div[2]/div[2]/label\", \"context\": {\"data\": \"公司名称\"}}", "B": "{\"position\": {\"left_up\": [240, 543], \"right_down\": [556, 575]}, \"xpath\": \"/html/body/div[3]/div/div/div/div/div[2]/div/div/div/div[1]/div/div/div[1]/form/div[2]/div[1]/input\", \"context\": {\"data\": \"请填写联系人姓名\"}}", "Result": ""}
{"A": "{\"position\": {\"left_up\": [724, 519], \"right_down\": [772, 543]}, \"xpath\": \"/html/body/div[3]/div/div/div/div/div[2]/div/div/div/div[1]/div/div/div[1]/form/div[2]/div[2]/label\", \"context\": {\"data\": \"公司名称\"}}", "B": "{\"position\": {\"left_up\": [724, 543], \"right_down\": [1040, 575]}, \"xpath\": \"/html/body/div[3]/div/div/div/div/div[2]/div/div/div/div[1]/div/div/div[1]/form/div[2]/div[1]/input\", \"context\": {\"data\": \"请填写公司名称\"}}", "Result": ""}
{"A": "{\"position\": {\"left_up\": [724, 519], \"right_down\": [772, 543]}, \"xpath\": \"/html/body/div[3]/div/div/div/div/div[2]/div/div/div/div[1]/div/div/div[1]/form/div[2]/div[2]/label\", \"context\": {\"data\": \"公司名称\"}}", "B": "{\"position\": {\"left_up\": [240, 619], \"right_down\": [556, 651]}, \"xpath\": \"/html/body/div[3]/div/div/div/div/div[2]/div/div/div/div[1]/div/div/div[1]/form/div[2]/div[1]/input\", \"context\": {\"data\": \"请填写手机号码\"}}", "Result": ""}
{"A": "{\"position\": {\"left_up\": [724, 519], \"right_down\": [772, 543]}, \"xpath\": \"/html/body/div[3]/div/div/div/div/div[2]/div/div/div/div[1]/div/div/div[1]/form/div[2]/div[2]/label\", \"context\": {\"data\": \"公司名称\"}}", "B": "{\"position\": {\"left_up\": [724, 619], \"right_down\": [1040, 651]}, \"xpath\": \"/html/body/div[3]/div/div/div/div/div[2]/div/div/div/div[1]/div/div/div[1]/form/div[2]/div[1]/input\", \"context\": {\"data\": \"请填写固话号码\"}}", "Result": ""}
{"A": "{\"position\": {\"left_up\": [724, 519], \"right_down\": [772, 543]}, \"xpath\": \"/html/body/div[3]/div/div/div/div/div[2]/div/div/div/div[1]/div/div/div[1]/form/div[2]/div[2]/label\", \"context\": {\"data\": \"公司名称\"}}", "B": "{\"position\": {\"left_up\": [240, 695], \"right_down\": [902, 727]}, \"xpath\": \"/html/body/div[3]/div/div/div/div/div[2]/div/div/div/div[1]/div/div/div[1]/form/div[2]/div[1]/input\", \"context\": {\"data\": \"请选择所在地区，例如：广东省－深圳市－福田区\"}}", "Result": ""}
{"A": "{\"position\": {\"left_up\": [724, 519], \"right_down\": [772, 543]}, \"xpath\": \"/html/body/div[3]/div/div/div/div/div[2]/div/div/div/div[1]/div/div/div[1]/form/div[2]/div[2]/label\", \"context\": {\"data\": \"公司名称\"}}", "B": "{\"position\": {\"left_up\": [240, 771], \"right_down\": [902, 803]}, \"xpath\": \"/html/body/div[3]/div/div/div/div/div[2]/div/div/div/div[1]/div/div/div[1]/form/div[2]/div[1]/input\", \"context\": {\"data\": \"请填写所在街道以及详细地址\"}}", "Result": ""}
{"A": "{\"position\": {\"left_up\": [240, 595], \"right_down\": [288, 619]}, \"xpath\": \"/html/body/div[3]/div/div/div/div/div[2]/div/div/div/div[1]/div/div/div[1]/form/div[3]/div[1]/label\", \"context\": {\"data\": \"手机号码\"}}", "B": "{\"position\": {\"left_up\": [240, 543], \"right_down\": [556, 575]}, \"xpath\": \"/html/body/div[3]/div/div/div/div/div[2]/div/div/div/div[1]/div/div/div[1]/form/div[2]/div[1]/input\", \"context\": {\"data\": \"请填写联系人姓名\"}}", "Result": ""}
{"A": "{\"position\": {\"left_up\": [240, 595], \"right_down\": [288, 619]}, \"xpath\": \"/html/body/div[3]/div/div/div/div/div[2]/div/div/div/div[1]/div/div/div[1]/form/div[3]/div[1]/label\", \"context\": {\"data\": \"手机号码\"}}", "B": "{\"position\": {\"left_up\": [724, 543], \"right_down\": [1040, 575]}, \"xpath\": \"/html/body/div[3]/div/div/div/div/div[2]/div/div/div/div[1]/div/div/div[1]/form/div[2]/div[1]/input\", \"context\": {\"data\": \"请填写公司名称\"}}", "Result": ""}
{"A": "{\"position\": {\"left_up\": [240, 595], \"right_down\": [288, 619]}, \"xpath\": \"/html/body/div[3]/div/div/div/div/div[2]/div/div/div/div[1]/div/div/div[1]/form/div[3]/div[1]/label\", \"context\": {\"data\": \"手机号码\"}}", "B": "{\"position\": {\"left_up\": [240, 619], \"right_down\": [556, 651]}, \"xpath\": \"/html/body/div[3]/div/div/div/div/div[2]/div/div/div/div[1]/div/div/div[1]/form/div[2]/div[1]/input\", \"context\": {\"data\": \"请填写手机号码\"}}", "Result": ""}
{"A": "{\"position\": {\"left_up\": [240, 595], \"right_down\": [288, 619]}, \"xpath\": \"/html/body/div[3]/div/div/div/div/div[2]/div/div/div/div[1]/div/div/div[1]/form/div[3]/div[1]/label\", \"context\": {\"data\": \"手机号码\"}}", "B": "{\"position\": {\"left_up\": [724, 619], \"right_down\": [1040, 651]}, \"xpath\": \"/html/body/div[3]/div/div/div/div/div[2]/div/div/div/div[1]/div/div/div[1]/form/div[2]/div[1]/input\", \"context\": {\"data\": \"请填写固话号码\"}}", "Result": ""}
{"A": "{\"position\": {\"left_up\": [240, 595], \"right_down\": [288, 619]}, \"xpath\": \"/html/body/div[3]/div/div/div/div/div[2]/div/div/div/div[1]/div/div/div[1]/form/div[3]/div[1]/label\", \"context\": {\"data\": \"手机号码\"}}", "B": "{\"position\": {\"left_up\": [240, 695], \"right_down\": [902, 727]}, \"xpath\": \"/html/body/div[3]/div/div/div/div/div[2]/div/div/div/div[1]/div/div/div[1]/form/div[2]/div[1]/input\", \"context\": {\"data\": \"请选择所在地区，例如：广东省－深圳市－福田区\"}}", "Result": ""}
{"A": "{\"position\": {\"left_up\": [240, 595], \"right_down\": [288, 619]}, \"xpath\": \"/html/body/div[3]/div/div/div/div/div[2]/div/div/div/div[1]/div/div/div[1]/form/div[3]/div[1]/label\", \"context\": {\"data\": \"手机号码\"}}", "B": "{\"position\": {\"left_up\": [240, 771], \"right_down\": [902, 803]}, \"xpath\": \"/html/body/div[3]/div/div/div/div/div[2]/div/div/div/div[1]/div/div/div[1]/form/div[2]/div[1]/input\", \"context\": {\"data\": \"请填写所在街道以及详细地址\"}}", "Result": ""}
{"A": "{\"position\": {\"left_up\": [724, 595], \"right_down\": [748, 619]}, \"xpath\": \"/html/body/div[3]/div/div/div/div/div[2]/div/div/div/div[1]/div/div/div[1]/form/div[3]/div[2]/label\", \"context\": {\"data\": \"固话\"}}", "B": "{\"position\": {\"left_up\": [240, 543], \"right_down\": [556, 575]}, \"xpath\": \"/html/body/div[3]/div/div/div/div/div[2]/div/div/div/div[1]/div/div/div[1]/form/div[2]/div[1]/input\", \"context\": {\"data\": \"请填写联系人姓名\"}}", "Result": ""}
{"A": "{\"position\": {\"left_up\": [724, 595], \"right_down\": [748, 619]}, \"xpath\": \"/html/body/div[3]/div/div/div/div/div[2]/div/div/div/div[1]/div/div/div[1]/form/div[3]/div[2]/label\", \"context\": {\"data\": \"固话\"}}", "B": "{\"position\": {\"left_up\": [724, 543], \"right_down\": [1040, 575]}, \"xpath\": \"/html/body/div[3]/div/div/div/div/div[2]/div/div/div/div[1]/div/div/div[1]/form/div[2]/div[1]/input\", \"context\": {\"data\": \"请填写公司名称\"}}", "Result": ""}
{"A": "{\"position\": {\"left_up\": [724, 595], \"right_down\": [748, 619]}, \"xpath\": \"/html/body/div[3]/div/div/div/div/div[2]/div/div/div/div[1]/div/div/div[1]/form/div[3]/div[2]/label\", \"context\": {\"data\": \"固话\"}}", "B": "{\"position\": {\"left_up\": [240, 619], \"right_down\": [556, 651]}, \"xpath\": \"/html/body/div[3]/div/div/div/div/div[2]/div/div/div/div[1]/div/div/div[1]/form/div[2]/div[1]/input\", \"context\": {\"data\": \"请填写手机号码\"}}", "Result": ""}
{"A": "{\"position\": {\"left_up\": [724, 595], \"right_down\": [748, 619]}, \"xpath\": \"/html/body/div[3]/div/div/div/div/div[2]/div/div/div/div[1]/div/div/div[1]/form/div[3]/div[2]/label\", \"context\": {\"data\": \"固话\"}}", "B": "{\"position\": {\"left_up\": [724, 619], \"right_down\": [1040, 651]}, \"xpath\": \"/html/body/div[3]/div/div/div/div/div[2]/div/div/div/div[1]/div/div/div[1]/form/div[2]/div[1]/input\", \"context\": {\"data\": \"请填写固话号码\"}}", "Result": ""}
{"A": "{\"position\": {\"left_up\": [724, 595], \"right_down\": [748, 619]}, \"xpath\": \"/html/body/div[3]/div/div/div/div/div[2]/div/div/div/div[1]/div/div/div[1]/form/div[3]/div[2]/label\", \"context\": {\"data\": \"固话\"}}", "B": "{\"position\": {\"left_up\": [240, 695], \"right_down\": [902, 727]}, \"xpath\": \"/html/body/div[3]/div/div/div/div/div[2]/div/div/div/div[1]/div/div/div[1]/form/div[2]/div[1]/input\", \"context\": {\"data\": \"请选择所在地区，例如：广东省－深圳市－福田区\"}}", "Result": ""}
{"A": "{\"position\": {\"left_up\": [724, 595], \"right_down\": [748, 619]}, \"xpath\": \"/html/body/div[3]/div/div/div/div/div[2]/div/div/div/div[1]/div/div/div[1]/form/div[3]/div[2]/label\", \"context\": {\"data\": \"固话\"}}", "B": "{\"position\": {\"left_up\": [240, 771], \"right_down\": [902, 803]}, \"xpath\": \"/html/body/div[3]/div/div/div/div/div[2]/div/div/div/div[1]/div/div/div[1]/form/div[2]/div[1]/input\", \"context\": {\"data\": \"请填写所在街道以及详细地址\"}}", "Result": ""}
{"A": "{\"position\": {\"left_up\": [240, 671], \"right_down\": [285, 695]}, \"xpath\": \"/html/body/div[3]/div/div/div/div/div[2]/div/div/div/div[1]/div/div/div[1]/form/div[4]/div/label\", \"context\": {\"data\": \"省市区\"}}", "B": "{\"position\": {\"left_up\": [240, 543], \"right_down\": [556, 575]}, \"xpath\": \"/html/body/div[3]/div/div/div/div/div[2]/div/div/div/div[1]/div/div/div[1]/form/div[2]/div[1]/input\", \"context\": {\"data\": \"请填写联系人姓名\"}}", "Result": ""}
{"A": "{\"position\": {\"left_up\": [240, 671], \"right_down\": [285, 695]}, \"xpath\": \"/html/body/div[3]/div/div/div/div/div[2]/div/div/div/div[1]/div/div/div[1]/form/div[4]/div/label\", \"context\": {\"data\": \"省市区\"}}", "B": "{\"position\": {\"left_up\": [724, 543], \"right_down\": [1040, 575]}, \"xpath\": \"/html/body/div[3]/div/div/div/div/div[2]/div/div/div/div[1]/div/div/div[1]/form/div[2]/div[1]/input\", \"context\": {\"data\": \"请填写公司名称\"}}", "Result": ""}
{"A": "{\"position\": {\"left_up\": [240, 671], \"right_down\": [285, 695]}, \"xpath\": \"/html/body/div[3]/div/div/div/div/div[2]/div/div/div/div[1]/div/div/div[1]/form/div[4]/div/label\", \"context\": {\"data\": \"省市区\"}}", "B": "{\"position\": {\"left_up\": [240, 619], \"right_down\": [556, 651]}, \"xpath\": \"/html/body/div[3]/div/div/div/div/div[2]/div/div/div/div[1]/div/div/div[1]/form/div[2]/div[1]/input\", \"context\": {\"data\": \"请填写手机号码\"}}", "Result": ""}
{"A": "{\"position\": {\"left_up\": [240, 671], \"right_down\": [285, 695]}, \"xpath\": \"/html/body/div[3]/div/div/div/div/div[2]/div/div/div/div[1]/div/div/div[1]/form/div[4]/div/label\", \"context\": {\"data\": \"省市区\"}}", "B": "{\"position\": {\"left_up\": [724, 619], \"right_down\": [1040, 651]}, \"xpath\": \"/html/body/div[3]/div/div/div/div/div[2]/div/div/div/div[1]/div/div/div[1]/form/div[2]/div[1]/input\", \"context\": {\"data\": \"请填写固话号码\"}}", "Result": ""}
{"A": "{\"position\": {\"left_up\": [240, 671], \"right_down\": [285, 695]}, \"xpath\": \"/html/body/div[3]/div/div/div/div/div[2]/div/div/div/div[1]/div/div/div[1]/form/div[4]/div/label\", \"context\": {\"data\": \"省市区\"}}", "B": "{\"position\": {\"left_up\": [240, 695], \"right_down\": [902, 727]}, \"xpath\": \"/html/body/div[3]/div/div/div/div/div[2]/div/div/div/div[1]/div/div/div[1]/form/div[2]/div[1]/input\", \"context\": {\"data\": \"请选择所在地区，例如：广东省－深圳市－福田区\"}}", "Result": ""}
{"A": "{\"position\": {\"left_up\": [240, 671], \"right_down\": [285, 695]}, \"xpath\": \"/html/body/div[3]/div/div/div/div/div[2]/div/div/div/div[1]/div/div/div[1]/form/div[4]/div/label\", \"context\": {\"data\": \"省市区\"}}", "B": "{\"position\": {\"left_up\": [240, 771], \"right_down\": [902, 803]}, \"xpath\": \"/html/body/div[3]/div/div/div/div/div[2]/div/div/div/div[1]/div/div/div[1]/form/div[2]/div[1]/input\", \"context\": {\"data\": \"请填写所在街道以及详细地址\"}}", "Result": ""}
{"A": "{\"position\": {\"left_up\": [240, 747], \"right_down\": [297, 771]}, \"xpath\": \"/html/body/div[3]/div/div/div/div/div[2]/div/div/div/div[1]/div/div/div[1]/form/div[5]/div/label\", \"context\": {\"data\": \"详细地址\"}}", "B": "{\"position\": {\"left_up\": [240, 543], \"right_down\": [556, 575]}, \"xpath\": \"/html/body/div[3]/div/div/div/div/div[2]/div/div/div/div[1]/div/div/div[1]/form/div[2]/div[1]/input\", \"context\": {\"data\": \"请填写联系人姓名\"}}", "Result": ""}
{"A": "{\"position\": {\"left_up\": [240, 747], \"right_down\": [297, 771]}, \"xpath\": \"/html/body/div[3]/div/div/div/div/div[2]/div/div/div/div[1]/div/div/div[1]/form/div[5]/div/label\", \"context\": {\"data\": \"详细地址\"}}", "B": "{\"position\": {\"left_up\": [724, 543], \"right_down\": [1040, 575]}, \"xpath\": \"/html/body/div[3]/div/div/div/div/div[2]/div/div/div/div[1]/div/div/div[1]/form/div[2]/div[1]/input\", \"context\": {\"data\": \"请填写公司名称\"}}", "Result": ""}
{"A": "{\"position\": {\"left_up\": [240, 747], \"right_down\": [297, 771]}, \"xpath\": \"/html/body/div[3]/div/div/div/div/div[2]/div/div/div/div[1]/div/div/div[1]/form/div[5]/div/label\", \"context\": {\"data\": \"详细地址\"}}", "B": "{\"position\": {\"left_up\": [240, 619], \"right_down\": [556, 651]}, \"xpath\": \"/html/body/div[3]/div/div/div/div/div[2]/div/div/div/div[1]/div/div/div[1]/form/div[2]/div[1]/input\", \"context\": {\"data\": \"请填写手机号码\"}}", "Result": ""}
{"A": "{\"position\": {\"left_up\": [240, 747], \"right_down\": [297, 771]}, \"xpath\": \"/html/body/div[3]/div/div/div/div/div[2]/div/div/div/div[1]/div/div/div[1]/form/div[5]/div/label\", \"context\": {\"data\": \"详细地址\"}}", "B": "{\"position\": {\"left_up\": [724, 619], \"right_down\": [1040, 651]}, \"xpath\": \"/html/body/div[3]/div/div/div/div/div[2]/div/div/div/div[1]/div/div/div[1]/form/div[2]/div[1]/input\", \"context\": {\"data\": \"请填写固话号码\"}}", "Result": ""}
{"A": "{\"position\": {\"left_up\": [240, 747], \"right_down\": [297, 771]}, \"xpath\": \"/html/body/div[3]/div/div/div/div/div[2]/div/div/div/div[1]/div/div/div[1]/form/div[5]/div/label\", \"context\": {\"data\": \"详细地址\"}}", "B": "{\"position\": {\"left_up\": [240, 695], \"right_down\": [902, 727]}, \"xpath\": \"/html/body/div[3]/div/div/div/div/div[2]/div/div/div/div[1]/div/div/div[1]/form/div[2]/div[1]/input\", \"context\": {\"data\": \"请选择所在地区，例如：广东省－深圳市－福田区\"}}", "Result": ""}
{"A": "{\"position\": {\"left_up\": [240, 747], \"right_down\": [297, 771]}, \"xpath\": \"/html/body/div[3]/div/div/div/div/div[2]/div/div/div/div[1]/div/div/div[1]/form/div[5]/div/label\", \"context\": {\"data\": \"详细地址\"}}", "B": "{\"position\": {\"left_up\": [240, 771], \"right_down\": [902, 803]}, \"xpath\": \"/html/body/div[3]/div/div/div/div/div[2]/div/div/div/div[1]/div/div/div[1]/form/div[2]/div[1]/input\", \"context\": {\"data\": \"请填写所在街道以及详细地址\"}}", "Result": ""}